uniprot	genesymbol	name	resaa	resnum	label	original_resnum	effect	psite	BMP8b	BMP8b_NE	NE
P62158	CALM1	Calmodulin	T	80	CALM[1,2,3]-T80/S82	79/81	0	CALM1_T80	-3.37610968	-3.72690239	-1.48166653
Q05469	LIPE	HSL	S	552	LIPE-S552/S853	552/563	1	LIPE_S552	-0.29531813	-2.28730247	-1.87944132
Q02750	MAP2K1	MEK1	S	298	MAP2K1-S298	298	1	MAP2K1_S298	0.38135872	-2.03090002	-2.02909983
P24385	CCND1	Cyclin D1	T	286	CCND1-T286	286	0	CCND1_T286	-0.48903783	-1.48119950	-1.97747329
Q02078	MEF2A	MEF2A	T	312	MEF2A-T312	312	1	MEF2A_T312	1.16050888	-0.72173584	-1.02266391
P35240	NF2	Merlin	S	10	NF2-S10	10	0	NF2_S10	-0.23373553	-1.22266551	-1.76515554
P29353	SHC1	Shc	Y	349	SHC1-Y349	349	1	SHC1_Y349	-0.00194728	-1.28390876	-1.67768832
P55211	CASP9	Caspase 9	Y	153	CASP9-Y153	153	1	CASP9_Y153	-1.11274930	0.11939669	1.01080585
P00533	EGFR	EGFR	S	1070	EGFR-S1070	1070	0	EGFR_S1070	0.75274405	-1.22027007	-1.06070003
P15336	ATF2	ATF2	S	62	ATF2-S44/S62	62/44	1	ATF2_S62	0.72773850	-0.58084410	-1.20421954
O43561	LAT	LAT	Y	171	LAT-Y171	171	1	LAT_Y171	-0.26693354	-1.36663321	-1.65753507
P05556	ITGB1	Integrin beta-1	T	788	ITGB1-T788	788	1	ITGB1_T788	0.00155248	-1.36998714	-1.52050893
O15379	HDAC3	HDAC3	S	424	HDAC3-S424	424	1	HDAC3_S424	-0.26210834	-1.17313132	-1.59520223
P38398	BRCA1	BRCA1	S	1457	BRCA1-S1457	1457	0	BRCA1_S1457	-0.47834615	-0.49668853	-1.66100607
P60484	PTEN	PTEN	S	380	PTEN-S380	380	0	PTEN_S380	0.00537061	-1.23807291	-1.46660652
P16234	PDGFRA	PDGFR alpha	Y	849	PDGFRA-Y849	849	0	PDGFRA_Y849	0.33123797	-0.06899965	1.43920710
O14920	IKBKB	IKK-beta	Y	188	IKBKB-Y188	188	1	IKBKB_Y188	-0.40737805	-0.71448083	-1.59861169
P19838	NFKB1	NFkB-p105/p50	S	927	NFKB1-S927	927	-1	NFKB1_S927	-0.40098429	-1.20799082	-1.57488860
P00533	EGFR	EGFR	T	693	EGFR-T693	693	0	EGFR_T693	0.22975883	-0.78014190	-1.30412061
P01730	CD4	CD4	S	433	CD4-S433	433	-1	CD4_S433	0.07835426	-1.35704178	-0.91092876
P18846	ATF1	ATF1	S	63	ATF1-S63	63	1	ATF1_S63	0.23228515	-1.17780793	-1.21784827
O15530	PDPK1	PDK1	S	241	PDPK1-S241	241	1	PDPK1_S241	0.94868530	-0.63561565	0.13652491
Q13085	ACACA	ACC1	S	80	ACACA-S80(2)	80	-1	ACACA_S80	0.16322703	-0.96237937	-1.20366566
P55211	CASP9	Caspase 9	T	125	CASP9-T125	125	-1	CASP9_T125	-0.52448452	-1.08384165	-1.50200816
Q13177	PAK2	PAK2	S	192	PAK2-S192	192	0	PAK2_S192	0.44707899	1.01684056	1.43236640
Q14289	PTK2B	Pyk2	Y	881	PTK2B-Y881	881	0	PTK2B_Y881	0.46499720	-0.59360803	-0.96446122
P16885	PLCG2	PLCG2	Y	753	PLCG2-Y753	753	1	PLCG2_Y753	0.32298462	-0.45152472	-1.03715531
P31749	AKT1	AKT1	S	124	AKT1-S124	124	1	AKT1_S124	-0.08764901	-0.37931387	-1.23811229
P43405	SYK	SYK	Y	525	SYK-Y525	525	0	SYK_Y525	-0.46632384	-1.23527034	-1.41761435
P19174	PLCG1	PLCG1	Y	771	PLCG1-Y771	771	1	PLCG1_Y771	1.27051043	0.16812332	0.74714061
P03372	ESR1	Estrogen Receptor-alpha	S	104	ESR1-S104	104	1	ESR1_S104	0.78307068	-0.63556404	0.08313830
Q9Y6K9	IKBKG	IKK-gamma	S	31	IKBKG-S31	31	0	IKBKG_S31	-0.23195807	-1.27064594	-0.87418325
Q13547	HDAC1	HDAC1	S	421	HDAC1-S421	421	1	HDAC1_S421	-0.02882282	0.33595021	-0.98060079
Q8WXE1	ATRIP	ATRIP	S	68	ATRIP-S68/S72	68/72	0	ATRIP_S68	0.23874472	-1.03900387	-0.83618309
P04637	TP53	p53	S	315	TP53-S315	315	0	TP53_S315	0.52493970	-0.81348707	-0.25228623
P21333	FLNA	Filamin A	S	2152	FLNA-S2152	2152	1	FLNA_S2152	-0.12613132	-1.19352175	-0.45819140
O96017	CHEK2	Chk2	T	68	CHEK2-T68	68	1	CHEK2_T68	0.14944348	-1.04695497	-0.64494567
Q01094	E2F1	E2F1	T	433	E2F1-T433	433	-1	E2F1_T433	0.34869680	-0.91606842	-0.74620051
Q13541	EIF4EBP1	4E-BP1	S	65	EIF4EBP1-S65	65	-1	EIF4EBP1_S65	-0.28869445	-1.20756493	-1.24801556
Q16539	MAPK14	p38 MAPK	Y	182	MAPK14-Y182	182	1	MAPK14_Y182	0.52600057	-0.65508257	-0.77613305
Q15418	RPS6KA1	P90RSK	T	359	RPS6KA1-T359/S363	359/363	1	RPS6KA1_T359	-0.49280880	-0.99250976	0.20461860
Q15797	SMAD1	Smad1	S	465	SMAD1-S465	465	1	SMAD1_S465	0.79946405	0.77155008	-0.47275493
Q13541	EIF4EBP1	4E-BP1	T	70	EIF4EBP1-T70	70	-1	EIF4EBP1_T70	0.41796914	0.28805872	-0.84164322
P11362	FGFR1	FGFR1	Y	766	FGFR1-Y766	766	0	FGFR1_Y766	0.15389352	0.57411779	-0.71108891
Q99683	MAP3K5	ASK1	S	966	MAP3K5-S966	966	-1	MAP3K5_S966	0.06013324	-0.03086719	-1.02828936
P68032	ACTC1	Actin Pan (a/b/g)	Y	55	ACTA1/ACTC1/ACTG[1,2]-Y53/Y54/Y55	55/53	0	ACTC1_Y55	0.28887978	-0.67920440	-0.89280002
Q02078	MEF2A	MEF2A	S	408	MEF2A-S408	408	0	MEF2A_S408	-0.01447780	-1.04346035	-0.75020823
Q05469	LIPE	HSL	S	554	LIPE-S554	554	1	LIPE_S554	0.15142022	-0.47085358	-0.94253061
P00519	ABL1	Abl1	Y	204	ABL1-Y204	204	0	ABL1_Y204	-0.70960857	-1.41128700	-1.13056966
Q16539	MAPK14	p38 MAPK	Y	323	MAPK14-Y323	322	1	MAPK14_Y323	0.70668485	0.26463405	-0.46183935
P04792	HSPB1	HSP27	S	78	HSPB1-S78	78	0	HSPB1_S78	-0.18388545	0.89800618	0.14974681
Q92934	BAD	BAD	S	91	BAD-S91	91/128	0	BAD_S91	-0.04946612	-0.81627802	-1.00972007
O15350	TP73	P73	Y	99	TP73-Y99	99	1	TP73_Y99	0.06415607	-0.29257548	-0.95085364
P67775	PPP2CA	PP2A-alpha	Y	307	PPP2CA-Y307	307	0	PPP2CA_Y307	-0.26436526	-1.11262437	-1.02034179
P00533	EGFR	EGFR	Y	869	EGFR-Y869	869	1	EGFR_Y869	0.08637321	-0.92364993	-0.50814613
O00221	NFKBIE	IkB-epsilon	S	161	NFKBIE-S161	22	-1	NFKBIE_S161	-0.37947024	-0.78091512	-1.17410102
P04049	RAF1	Raf1	S	259	RAF1-S259	259	-1	RAF1_S259	-0.21604495	-0.39199825	-1.06984419
P11388	TOP2A	TOP2A/DNA topoisomerase II	S	1106	TOP2A-S1106	1106	1	TOP2A_S1106	0.15937400	-0.86211198	-0.70606247
P45985	MAP2K4	MKK4/SEK1	T	261	MAP2K4-T261	261	1	MAP2K4_T261	0.17656318	-0.83195758	-0.85052685
P11274	BCR	BCR	Y	177	BCR-Y177	177	0	BCR_Y177	0.91711527	0.60761552	-0.05056789
P15056	BRAF	B-RAF	T	599	BRAF-T599	598	1	BRAF_T599	0.71880915	-0.35315924	-0.11414283
P35222	CTNNB1	Catenin beta	S	37	CTNNB1-S37	37	-1	CTNNB1_S37	0.31996987	-0.33198431	-0.74358695
P31749	AKT1	AKT1	Y	474	AKT1-Y474	474	1	AKT1_Y474	0.25698247	1.06816258	0.61649226
P03372	ESR1	Estrogen Receptor-alpha	S	106	ESR1-S106	106	1	ESR1_S106	-0.53205691	-1.16759768	-0.43873933
P52799	EFNB2	Ephrin B2	Y	330	EFNB2-Y330	330	0	EFNB2_Y330	0.42219383	-0.63095841	-0.48985847
Q9UQM7	CAMK2A	CaMK2A	T	286	CAMK2A-T286	286	1	CAMK2A_T286	0.13399227	-0.47661279	-0.83582957
P08581	MET	Met	Y	1003	MET-Y1003	1003	0	MET_Y1003	-0.08132928	0.49745539	-0.55057545
P63104	YWHAZ	14-3-3 beta/zeta	S	184	YWHA[B,Z]-S184/S186	184/186	1	YWHAZ_S184	-1.11233552	-0.36756010	-0.81536742
Q02750	MAP2K1	MEK1	S	218	MAP2K1-S218	217	1	MAP2K1_S218	0.29656591	0.69114688	-0.32807660
Q8WV28	BLNK	BLNK	Y	96	BLNK-Y96	96	0	BLNK_Y96	-0.33356140	-1.09054376	-1.03724783
P15311	EZR	Ezrin	Y	478	EZR-Y478	478	0	EZR_Y478	0.13220944	0.55723607	-0.47589211
P06401	PGR	Progesterone Receptor	S	190	PGR-S190	190	0	PGR_S190	0.43330684	-0.40084073	-0.59331096
Q15796	SMAD2	Smad2	T	220	SMAD2-T220	220	1	SMAD2_T220	0.99450662	0.46387324	0.18622837
P06400	RB1	Rb	S	780	RB1-S780	780	-1	RB1_S780	0.26424557	-0.64583737	-0.72163501
P35968	KDR	VEGFR2	Y	951	KDR-Y951	951	1	KDR_Y951	0.21755625	-0.75341975	-0.12217657
P04049	RAF1	Raf1	S	296	RAF1-S296	296	0	RAF1_S296	0.03759967	-0.03316207	-0.85861727
P07101	TH	Tyrosine Hydroxylase	S	31	TH-S31	31	1	TH_S31	0.07106246	-0.43768813	-0.83200382
P00533	EGFR	EGFR	Y	1092	EGFR-Y1092	1092	0	EGFR_Y1092	0.40731171	-0.58578834	-0.51235571
Q15796	SMAD2	Smad2	S	250	SMAD2-S250	250	1	SMAD2_S250	-0.07779793	-0.90360684	-0.33391126
Q15418	RPS6KA1	RSK1/2/3/4	S	221	RPS6KA[1,2,3,6]-S218/S221/S227/S232	221/227/218/232	-1	RPS6KA1_S221	-0.05632477	-0.65348314	-0.88831462
Q02156	PRKCE	PKC epsilon	S	729	PRKCE-S729	729	1	PRKCE_S729	-0.27344262	-0.21332911	-0.97836405
P12931	SRC	Src	Y	530	SRC-Y530	529	-1	SRC_Y530	0.60863214	-0.35902014	-0.12987224
P63104	YWHAZ	14-3-3 zeta/delta	T	232	YWHAZ-T232	232	-1	YWHAZ_T232	-1.57112163	-1.91372915	-1.56644882
P27361	MAPK3	p44/42 MAPK	Y	204	MAPK[1,3]-Y204/Y205	204	0	MAPK3_Y204	0.38783672	0.51151162	1.07994845
P29474	NOS3	eNOS	S	1177	NOS3-S1177	1177	1	NOS3_S1177	0.55284603	0.14708980	0.93367485
Q9UM73	ALK	ALK	Y	1507	ALK-Y1507	1507	0	ALK_Y1507	-0.15111293	0.47627110	0.75897634
Q14790	CASP8	Caspase 8	S	347	CASP8-S347	347	-1	CASP8_S347	0.15077265	-0.61409484	-0.75792942
P17535	JUND	JunD	S	255	JUND-S255	255	0	JUND_S255	-0.57487569	0.29870668	0.38836850
P24864	CCNE1	Cyclin E1	T	77	CCNE1-T77	77	-1	CCNE1_T77	-0.79873529	-1.04216196	-0.33664330
P42345	MTOR	mTOR	T	2446	MTOR-T2446	2446	0	MTOR_T2446	-0.49484192	-0.14199129	0.47141033
P29597	TYK2	TYK2	Y	1054	TYK2-Y1054	1054	1	TYK2_Y1054	0.39452701	0.71822903	-0.20042113
P03372	ESR1	Estrogen Receptor-alpha	S	167	ESR1-S167	167	1	ESR1_S167	-0.73533111	-1.29762539	-1.25066169
O60934	NBN	P95/NBS1	S	343	NBN-S343	343	1	NBN_S343	0.54075344	-0.41422851	-0.07188470
P30307	CDC25C	CDC25C	S	216	CDC25C-S216	216	-1	CDC25C_S216	-0.01372710	-0.47690801	0.47968194
P11171	EPB41	EPB41	Y	418	EPB41-Y418/Y660	418/660	0	EPB41_Y418	-0.37786563	-0.97253304	-0.24383690
P07948	LYN	LYN	Y	508	LYN-Y508	507	-1	LYN_Y508	-0.06325698	-0.86239465	-0.78491475
P45985	MAP2K4	MKK4/SEK1	S	80	MAP2K4-S80	80	-1	MAP2K4_S80	-0.09009475	-0.87390838	-0.38360504
Q13153	PAK1	PAK1/2/3	T	423	PAK[1,2,3]-T402/T421/T423	423/402/421	1	PAK1_T423	-0.17646720	-0.65772527	-0.92021424
P04049	RAF1	Raf1	S	289	RAF1-S289	289	0	RAF1_S289	-0.01164566	-0.82146425	-0.64548064
Q14012	CAMK1	CaMK1-alpha	T	177	CAMK1-T177	177	0	CAMK1_T177	0.30647996	-0.60150659	-0.29181399
P06127	CD5	CD5	Y	453	CD5-Y453	453	1	CD5_Y453	0.08215731	-0.61847550	-0.75083694
P37840	SNCA	Synuclein alpha	Y	125	SNCA-Y125	125	-1	SNCA_Y125	0.41219753	-0.31951672	-0.49153292
P25963	NFKBIA	IkB-alpha	S	32	NFKBIA-S32/S36	32/36	0	NFKBIA_S32	-0.38680387	0.51441461	-0.09093256
P31749	AKT1	AKT1	S	473	AKT1-S473	473	0	AKT1_S473	-0.06879029	-0.42347292	-0.83149362
Q05397	PTK2	FAK	S	910	PTK2-S910	910	0	PTK2_S910	-0.16528849	-0.88807947	-0.56284029
P10398	ARAF	A-RAF	Y	301	ARAF-Y301/Y302	301/302	1	ARAF_Y301	0.44057626	-0.45245406	-0.44225519
Q05513	PRKCZ	PKC zeta	T	410	PRKCZ-T410	410	0	PRKCZ_T410	0.22621660	-0.04905823	-0.63383046
Q15648	MED1	PPAR-BP	T	1457	MED1-T1457	1457	1	MED1_T1457	0.53288228	0.07102981	-0.34844411
P06239	LCK	LCK	Y	192	LCK-Y192	192	-1	LCK_Y192	-0.04789961	0.75159995	0.61550713
P23443	RPS6KB1	P70S6K	S	418	RPS6KB1-S418	418	0	RPS6KB1_S418	-0.40817075	-0.56076984	0.31239714
P31749	AKT1	AKT1	T	450	AKT1-T450	450	0	AKT1_T450	0.11642761	-0.02752106	0.75978683
P19838	NFKB1	NFkB-p105/p50	S	337	NFKB1-S337	337	0	NFKB1_S337	0.29186069	0.51362789	0.95233866
P52735	VAV2	VAV2	Y	142	VAV2-Y142	142	0	VAV2_Y142	-0.52774347	-0.11279369	0.34288346
P11274	BCR	BCR	Y	360	BCR-Y360	360	0	BCR_Y360	-0.29370453	0.16173970	0.56755599
P19235	EPOR	Epo-R	Y	368	EPOR-Y368	368	0	EPOR_Y368	-0.43486692	-0.63047572	-1.04168390
P31749	AKT1	AKT1	T	308	AKT1-T308	308	0	AKT1_T308	0.37752777	-0.49113997	-0.29161967
P12931	SRC	Src	Y	419	SRC-Y419	418	1	SRC_Y419	-0.50678415	-1.08682143	-0.79908208
O15392	BIRC5	Survivin	T	117	BIRC5-T117	117	0	BIRC5_T117	0.43459936	-0.43460394	0.31612932
P23458	JAK1	JAK1	Y	1034	JAK1-Y1034	1022	0	JAK1_Y1034	0.04362074	0.37863145	-0.48779781
Q04206	RELA	NFkB-p65	S	468	RELA-S468	468	0	RELA_S468	-0.21293277	0.61902504	0.14082268
P11831	SRF	SRF	S	103	SRF-S103	99	0	SRF_S103	-0.23281043	-0.90058774	-0.64492785
Q07817	BCL2L1	BCL-XL	T	47	BCL2L1-T47	47	0	BCL2L1_T47	-0.55240530	-1.10820270	-0.85493781
P37840	SNCA	Synuclein alpha	Y	133	SNCA-Y133	133	0	SNCA_Y133	-0.16508142	0.64772829	-0.02946983
Q15418	RPS6KA1	P90RSK	S	380	RPS6KA1-S380	380	1	RPS6KA1_S380	-0.07479726	-0.60611277	0.22078534
P16220	CREB1	CREB	S	129	CREB1-S129	129	0	CREB1_S129	0.46033267	-0.06758108	0.71325682
P16591	FER	FER	Y	402	FER-Y402	402	0	FER_Y402	0.23949387	0.90127990	0.89982699
P84022	SMAD3	Smad3	S	213	SMAD3-S213	213	0	SMAD3_S213	-0.24003402	-0.33732003	0.50935823
Q14289	PTK2B	Pyk2	Y	580	PTK2B-Y580	580	1	PTK2B_Y580	0.12541280	-0.67445691	-0.62516127
P10636	MAPT	Tau	S	356	MAPT-S356	356	0	MAPT_S356	-0.00953285	-0.14564555	-0.75188445
Q14247	CTTN	Cortactin	Y	421	CTTN-Y421	421	0	CTTN_Y421	0.53623381	0.15510415	0.83972308
P16104	H2AFX	Histone H2A.X	S	140	H2AFX-S140	139	0	H2AFX_S140	0.30555651	-0.05688555	-0.52610218
P02545	LMNA	Lamin A/C	S	392	LMNA-S392	392	1	LMNA_S392	-0.10691166	-0.80824543	-0.57639151
P07949	RET	Ret	Y	905	RET-Y905	905	1	RET_Y905	-0.70304396	-0.16735359	-0.84139191
Q9UBN7	HDAC6	HDAC6	S	22	HDAC6-S22	22	0	HDAC6_S22	-0.24269046	-0.88818199	-0.62910731
P37231	PPARG	PPAR-gamma	S	112	PPARG-S112	112	-1	PPARG_S112	-0.30670857	-0.67786209	0.09188933
P25963	NFKBIA	IkB-alpha	Y	42	NFKBIA-Y42	42	0	NFKBIA_Y42	0.18549041	-0.28622368	-0.61151193
P06239	LCK	LCK	Y	394	LCK-Y394	393	1	LCK_Y394	0.73439877	0.00224301	0.15610703
Q15418	RPS6KA1	P90RSK	T	573	RPS6KA1-T573	573	1	RPS6KA1_T573	-0.38070479	-0.12398298	0.44337535
P29474	NOS3	eNOS	S	615	NOS3-S615	615	0	NOS3_S615	-0.28590303	0.17640469	0.52526800
P05787	KRT8	Keratin 8	S	432	KRT8-S432	431	0	KRT8_S432	-0.25514541	0.31667381	-0.49753051
P63000	RAC1	Rac1/cdc42	S	71	RAC1-S71	71	-1	RAC1_S71	-0.08513655	-0.37706890	0.43956590
P42229	STAT5A	STAT5A	S	780	STAT5A-S780	780	0	STAT5A_S780	-0.22246444	-0.55903979	-0.86495822
P04049	RAF1	Raf1	S	43	RAF1-S43	43	-1	RAF1_S43	-0.00005061	-0.15630068	-0.72376128
P68431	HIST1H3A	Histone H3.1	S	11	Histone H3-S11	10	0	HIST1H3A_S11	-0.19916332	-0.73253414	-0.84660457
P35568	IRS1	IRS-1	S	794	IRS1-S794	794	0	IRS1_S794	-0.09900494	0.38395399	0.65809726
P50552	VASP	VASP	S	239	VASP-S239	238	0	VASP_S239	0.58660853	0.86309567	0.22846711
P10636	MAPT	Tau	T	212	MAPT-T212	212	0	MAPT_T212	0.47268313	-0.20572088	-0.33016915
P24941	CDK2	CDK2	T	160	CDK2-T160	160	1	CDK2_T160	0.47690984	0.12883632	-0.32117311
P30281	CCND3	Cyclin D3	T	283	CCND3-T283	283	-1	CCND3_T283	-0.20947953	-0.67301444	-0.84555232
Q16566	CAMK4	CaMK4	T	200	CAMK4-T200	196/200	1	CAMK4_T200	0.41339295	-0.38751364	-0.00880355
Q05655	PRKCD	PKC delta	S	645	PRKCD-S645	645	1	PRKCD_S645	0.12718314	0.23727408	-0.54544487
P84022	SMAD3	Smad3	T	179	SMAD3-T179	179	-1	SMAD3_T179	-0.56305095	-0.88686800	-1.07800370
O14920	IKBKB	IKK-beta	Y	199	IKBKB-Y199	199	1	IKBKB_Y199	-0.51670165	-1.03300167	-0.49834709
P01106	MYC	Myc	T	358	MYC-T358	358	-1	MYC_T358	-0.22872215	-0.85168549	-0.29001914
P07101	TH	Tyrosine Hydroxylase	S	19	TH-S19	19	1	TH_S19	-0.09414588	-0.15344301	-0.76502732
P10636	MAPT	Tau	T	205	MAPT-T205	205	0	MAPT_T205	0.26039893	0.83191865	0.20065021
P15056	BRAF	B-RAF	S	602	BRAF-S602	601	1	BRAF_S602	0.21901437	-0.54647303	0.01153720
P05412	JUN	c-Jun	Y	170	JUN-Y170	170	0	JUN_Y170	0.18672136	0.58390519	-0.17059117
P04637	TP53	p53	S	15	TP53-S15	15	0	TP53_S15	-0.08252217	0.64396180	0.14515362
P07333	CSF1R	M-CSF Receptor	Y	809	CSF1R-Y809	809	1	CSF1R_Y809	-0.07193685	0.50317077	0.64846086
P15311	EZR	Ezrin	T	567	EZR-T567	566	1	EZR_T567	0.11082903	-0.62141674	-0.28968360
P19838	NFKB1	NFkB-p105/p50	S	893	NFKB1-S893	893	1	NFKB1_S893	0.39112033	-0.09979787	-0.38262391
P42768	WAS	WASP	Y	291	WAS-Y291	290	1	WAS_Y291	0.47712402	-0.28891337	-0.07551126
P67870	CSNK2B	CK2-b	S	209	CSNK2B-S209	209	0	CSNK2B_S209	0.10837167	-0.41456324	-0.61502874
P60484	PTEN	PTEN	S	380	PTEN-S380/T382/T383	380/382/383	0	PTEN_S380	0.17657444	-0.49975855	-0.56400027
P04637	TP53	p53	T	18	TP53-T18	18	1	TP53_T18	0.32096790	-0.44294907	-0.09928277
P47712	PLA2G4A	c-PLA2	S	505	PLA2G4A-S505	505	1	PLA2G4A_S505	-0.27761463	0.47910440	0.03720409
Q04206	RELA	NFkB-p65	S	536	RELA-S536	536	0	RELA_S536	-0.41026587	-0.11541907	0.35220025
Q01201	RELB	RelB	S	573	RELB-S573	552	-1	RELB_S573	0.12405766	0.74500243	0.10086066
P02545	LMNA	Lamin A	S	22	LMNA-S22	22	1	LMNA_S22	-0.17484226	0.50396108	0.56035446
O14757	CHEK1	Chk1	S	317	CHEK1-S317	317	1	CHEK1_S317	0.51978030	0.10382847	-0.22593179
P05198	EIF2S1	eIF2A	S	52	EIF2S1-S52	51	0	EIF2S1_S52	-0.26175026	-0.68999574	-0.01455909
P19419	ELK1	Elk1	S	383	ELK1-S383	383	1	ELK1_S383	-0.54786334	0.18605967	-0.28463227
P08238	HSP90AB1	HSP90B	S	255	HSP90AB1-S255	254	1	HSP90AB1_S255	0.00274272	-0.40965410	-0.67384912
P07101	TH	Tyrosine Hydroxylase	S	40	TH-S40	40	1	TH_S40	0.20420008	-0.13593923	-0.52693952
P08069	IGF1R	IGF1R	Y	1165	IGF1R-Y1165/Y1166	1165/1166	1	IGF1R_Y1165	-0.21346918	0.51922125	0.39746525
Q15797	SMAD1	Smad1	S	187	SMAD1-S187	187	0	SMAD1_S187	0.07716638	0.53190977	-0.19300921
P05783	KRT18	Keratin 18	S	53	KRT18-S53	52	0	KRT18_S53	0.10259035	-0.59868742	-0.52773320
P49815	TSC2	Tuberin/TSC2	S	939	TSC2-S939	939	-1	TSC2_S939	-0.20366779	-0.79869785	-0.44606198
P04626	ERBB2	HER2	Y	1221	ERBB2-Y1221/Y1222	1221/1222	1	ERBB2_Y1221	0.23046857	-0.00366544	-0.49789584
P09619	PDGFRB	PDGFR beta	Y	1021	PDGFRB-Y1021	1021	1	PDGFRB_Y1021	-0.33223973	0.40267656	0.40453549
P98170	XIAP	XIAP	S	87	XIAP-S87	87	1	XIAP_S87	0.46292251	0.10642667	-0.26555451
Q14765	STAT4	STAT4	Y	693	STAT4-Y693	693	0	STAT4_Y693	-0.11671872	0.45750185	0.57912138
P63104	YWHAZ	14-3-3 zeta	S	58	YWHAZ-S58	58	-1	YWHAZ_S58	0.37321944	-0.16533227	-0.35832718
P05362	ICAM1	ICAM-1	Y	512	ICAM1-Y512	512	0	ICAM1_Y512	0.31073462	0.36215062	0.85989916
P15976	GATA1	GATA1	S	310	GATA1-S310	310	0	GATA1_S310	0.14672837	-0.40692084	-0.55117729
Q15796	SMAD2	Smad2	S	467	SMAD2-S467	467	1	SMAD2_S467	-0.14492453	0.54965477	-0.08899398
P10636	MAPT	Tau	S	263	MAPT-S263	262	0	MAPT_S263	0.11396488	0.05398074	-0.57157177
Q00653	NFKB2	NFkB-p100/p52	S	870	NFKB2-S870	869	0	NFKB2_S870	0.14655667	-0.54585624	-0.19305666
Q00535	CDK5	CDK5	Y	15	CDK5-Y15	15	1	CDK5_Y15	0.32900104	-0.38864496	-0.30459374
P04040	CAT	Catalase	Y	386	CAT-Y386	385	0	CAT_Y386	0.28267827	-0.43119043	0.01927870
P05787	KRT8	Keratin 8	S	74	KRT8-S74	73	1	KRT8_S74	0.62586156	0.06888443	-0.02819375
P18206	VCL	Vinculin	Y	822	VCL-Y822	821	0	VCL_Y822	-0.10068602	0.53864340	0.57292035
P29466	CASP1	Caspase 1	S	376	CASP1-S376	376	1	CASP1_S376	-0.03938226	0.00777035	0.61450868
P53667	LIMK1	LIMK1	T	508	LIMK1-T508	508	1	LIMK1_T508	0.33851995	-0.13850924	-0.37058750
P08047	SP1	SP1	T	739	SP1-T739	739	0	SP1_T739	0.22786042	0.07198421	0.68517127
P10636	MAPT	Tau	T	231	MAPT-T231	231	0	MAPT_T231	-0.14586256	0.52634180	0.07692339
O14757	CHEK1	Chk1	S	286	CHEK1-S286	286	0	CHEK1_S286	0.26186111	-0.26716118	-0.42885211
P17252	PRKCA	PKC alpha	Y	658	PRKCA-Y658	657	0	PRKCA_Y658	-0.18615911	0.26351648	0.49275604
P56945	BCAR1	p130Cas	Y	165	BCAR1-Y165	165	0	BCAR1_Y165	-0.75872094	-0.64966774	-1.07962359
P06400	RB1	Rb	S	807	RB1-S807	807	0	RB1_S807	0.49057427	0.06569741	-0.18688687
Q13224	GRIN2B	NMDAR2B	Y	1474	GRIN2B-Y1474	1472	1	GRIN2B_Y1474	-0.28778603	-0.81274760	-0.69313316
P08581	MET	Met	Y	1234	MET-Y1234	1234	1	MET_Y1234	-0.30492415	0.37713245	0.15208421
Q9Y478	PRKAB1	AMPK beta1	S	182	PRKAB1-S182	182	0	PRKAB1_S182	-0.14004626	-0.59260975	-0.70981716
Q13480	GAB1	Gab1	Y	659	GAB1-Y659	659	0	GAB1_Y659	0.07850617	0.16633687	-0.49701004
P27348	YWHAQ	14-3-3 theta/tau	S	232	YWHAQ-S232	232	0	YWHAQ_S232	-0.29128309	0.16961976	0.38263700
Q92558	WASF1	WAVE1	Y	125	WASF1-Y125	125	0	WASF1_Y125	0.43318734	-0.23086425	-0.16050043
P08069	IGF1R	IGF1R	Y	1161	IGF1R-Y1161	1161	1	IGF1R_Y1161	-0.26922408	0.39644034	0.10290656
Q13085	ACACA	ACC1	S	80	ACACA-S80	79	-1	ACACA_S80	0.72025059	0.64331721	0.17160105
O14757	CHEK1	Chk1	S	345	CHEK1-S345	345	0	CHEK1_S345	0.24269966	-0.15610357	-0.41853003
P15391	CD19	CD19	Y	531	CD19-Y531	531	1	CD19_Y531	0.29629980	-0.13546959	-0.36585424
P35968	KDR	VEGFR2	Y	1214	KDR-Y1214	1214	1	KDR_Y1214	0.20092181	-0.44999556	-0.37061176
Q00613	HSF1	HSF1	S	303	HSF1-S303	303	-1	HSF1_S303	0.01967501	-0.27972487	-0.58470463
Q92934	BAD	BAD	S	134	BAD-S134	134	0	BAD_S134	0.02532243	-0.57956256	-0.43656774
Q14289	PTK2B	Pyk2	Y	402	PTK2B-Y402	402	1	PTK2B_Y402	0.10233756	0.41502054	0.66299639
P10636	MAPT	Tau	S	214	MAPT-S214	214	0	MAPT_S214	0.40796371	-0.16190862	-0.23933696
P35222	CTNNB1	Catenin beta	Y	489	CTNNB1-Y489	489	0	CTNNB1_Y489	-0.42721052	-0.65675924	-0.88820191
P19419	ELK1	Elk1	S	389	ELK1-S389	389	1	ELK1_S389	0.24248959	-0.21176460	-0.40384532
P23443	RPS6KB1	P70S6K	T	229	RPS6KB1-T229	229	1	RPS6KB1_T229	-0.30718437	-0.80079067	-0.75100989
P27986	PIK3R1	PI3-kinase p85-subunit alpha/gamma	Y	467	PIK3R[1,3]-Y199/Y200/Y467	467/199	0	PIK3R1_Y467	0.43075176	0.31155460	-0.21013063
Q02750	MAP2K1	MEK1	T	286	MAP2K1-T286	286	-1	MAP2K1_T286	0.75004501	0.23671981	0.49375838
P04792	HSPB1	HSP27	S	82	HSPB1-S82	82	0	HSPB1_S82	0.53273416	0.61581178	0.04218067
Q06124	PTPN11	SHP-2	Y	542	PTPN11-Y542	542	1	PTPN11_Y542	0.04511858	0.27481328	0.61744401
P10636	MAPT	Tau	S	396	MAPT-S396	396	0	MAPT_S396	0.08287759	0.11250014	-0.50711776
P00533	EGFR	EGFR	T	678	EGFR-T678	678	-1	EGFR_T678	0.04153393	0.08479949	0.61472053
P10721	KIT	KIT	Y	721	KIT-Y721	721	1	KIT_Y721	0.55523549	0.66968378	0.12297252
P05067	APP	Amyloid beta A4	T	743	APP-T668/T743	743/668	0	APP_T743	0.11616541	-0.19542015	-0.50193841
P30304	CDC25A	CDC25A	S	76	CDC25A-S76	75	-1	CDC25A_S76	-0.09719360	0.03189299	-0.55592563
P17181	IFNAR1	Interferon-alpha/beta receptor alpha chain	Y	466	IFNAR1-Y466	466	1	IFNAR1_Y466	0.19970653	-0.32943233	-0.42575208
P00533	EGFR	EGFR	Y	1172	EGFR-Y1172	1172	0	EGFR_Y1172	0.20320011	-0.42194514	-0.37903617
P35568	IRS1	IRS-1	S	639	IRS1-S639	639	-1	IRS1_S639	-0.13111744	-0.66439792	-0.14367878
P07333	CSF1R	M-CSF Receptor	Y	561	CSF1R-Y561	561	0	CSF1R_Y561	0.01771925	-0.25133106	0.37790485
P30305	CDC25B	CDC25B	S	323	CDC25B-S323	323	0	CDC25B_S323	0.44617684	-0.17057909	0.17817939
O14965	AURKA	AurA	T	288	AURKA-T288	288	1	AURKA_T288	-0.33076910	-0.75544575	-0.80026253
Q9UQL6	HDAC5	HDAC5	S	498	HDAC5-S498	498	-1	HDAC5_S498	-0.17526213	-0.64953774	-0.11798942
P15336	ATF2	ATF2	T	71	ATF2-T53/T71	71/53	1	ATF2_T71	0.11121506	0.01300044	0.57614392
P35222	CTNNB1	Catenin beta	T	41	CTNNB1-T41/S45	41/45	-1	CTNNB1_T41	-0.13016524	-0.31366831	-0.65532028
Q96GD4	AURKB	AurB	T	232	AURKB-T232	232	1	AURKB_T232	0.02369777	0.17068910	0.58186606
O75582	RPS6KA5	MSK1	T	581	RPS6KA5-T581	581	1	RPS6KA5_T581	0.19645877	0.10003072	-0.41579403
P04637	TP53	p53	S	378	TP53-S378	378	1	TP53_S378	-0.57210024	-0.97379659	-0.81184286
Q9BUB5	MKNK1	Mnk1	T	385	MKNK1-T385	385	1	MKNK1_T385	0.31131200	0.57142783	0.01426433
P35372	OPRM1	Opioid Receptor	S	377	OPRM1-S377	375	-1	OPRM1_S377	0.27951201	0.61705093	0.75569514
O14733	MAP2K7	MKK7/MAP2K7	S	271	MAP2K7-S271	271	1	MAP2K7_S271	0.44035250	-0.12159690	0.47116560
P43405	SYK	SYK	Y	348	SYK-Y348	348	1	SYK_Y348	-0.00820048	-0.46595549	-0.56479280
P10275	AR	Androgen Receptor	S	650	AR-S650	650	0	AR_S650	0.27951003	-0.11388119	-0.32891462
O75886	STAM2	STAM2	Y	192	STAM2-Y192	192	0	STAM2_Y192	-0.21620464	0.38567387	0.22502603
P49840	GSK3A	GSK3 alpha	S	21	GSK3A-S21	21	-1	GSK3A_S21	0.05442778	-0.51278295	-0.27619754
P46734	MAP2K3	MKK3/MAP2K3	T	222	MAP2K3-T222	222	1	MAP2K3_T222	-0.33250875	0.19695509	0.26974718
P14635	CCNB1	Cyclin B1	S	147	CCNB1-S147	147	0	CCNB1_S147	-0.21431399	-0.52469926	0.03336498
Q05655	PRKCD	PKC delta	T	507	PRKCD-T507	505	1	PRKCD_T507	-0.39626118	0.19604960	0.13216269
P24844	MYL9	Myosin regulatory light chain 2	S	20	MYL[9,12B]-S20	18	1	MYL9_S20	0.29909419	-0.22096151	-0.30002433
Q04637	EIF4G1	eIF4G	S	1109	EIF4G1-S1109	1108	0	EIF4G1_S1109	-0.22900286	-0.50169257	-0.70551259
P14635	CCNB1	Cyclin B1	S	126	CCNB1-S126	126	0	CCNB1_S126	0.29766131	-0.29795756	-0.29542636
P06400	RB1	Rb	S	795	RB1-S795	795	-1	RB1_S795	0.15541777	-0.42336229	-0.31288282
P53539	FOSB	FosB	S	27	FOSB-S27	27	1	FOSB_S27	-0.13754804	0.36376408	0.43673220
Q13153	PAK1	PAK1	S	204	PAK1-S204	204	1	PAK1_S204	-0.22454172	0.36139201	0.32353035
Q16659	MAPK6	ERK3	S	189	MAPK6-S189	189	0	MAPK6_S189	0.10463451	-0.46196633	-0.40155068
Q13283	G3BP1	G3BP-1	S	232	G3BP1-S232	232	0	G3BP1_S232	0.30963429	0.00664229	-0.27598820
Q13094	LCP2	SLP-76	Y	128	LCP2-Y128	128	0	LCP2_Y128	0.16628442	-0.33420848	-0.40284701
P01100	FOS	Fos	T	232	FOS-T232	232	1	FOS_T232	0.25197789	-0.27337158	-0.32512788
P08238	HSP90AB1	HSP90B	S	226	HSP90AB1-S226	226	1	HSP90AB1_S226	0.60438798	0.90524014	0.97323585
Q16620	NTRK2	Trk B	Y	516	NTRK2-Y516	515	1	NTRK2_Y516	0.09695706	0.59394009	0.36599712
P00519	ABL1	c-Abl	Y	413	ABL1-Y413	412	0	ABL1_Y413	0.29846663	-0.27444643	-0.15341887
P78527	PRKDC	DNA-PK	T	2638	PRKDC-T2638	2638	0	PRKDC_T2638	-0.11737459	-0.60768668	-0.58559648
P00519	ABL1	Abl1	T	754	ABL1-T735/T754	754/735	0	ABL1_T754	-0.59572787	-0.55071259	-0.10252881
P15336	ATF2	ATF2	S	112	ATF2-S94/S112	112/94	0	ATF2_S112	-0.21983357	-0.03736120	0.34685794
P41279	MAP3K8	MAP3K8/COT	T	290	MAP3K8-T290	290	0	MAP3K8_T290	-0.21274881	-0.09484304	-0.58763189
Q13043	STK4	Mst1/Mst2	T	183	STK4-T183	183	1	STK4_T183	0.07616229	-0.46416385	-0.24062565
P16949	STMN1	Stathmin 1	S	38	STMN1-S38	37	0	STMN1_S38	0.63898291	0.16864542	0.25578023
P16220	CREB1	CREB	S	133	CREB1-S133	133	1	CREB1_S133	0.35943292	-0.20018581	-0.14870958
P36888	FLT3	FLT3	Y	599	FLT3-Y599	599	1	FLT3_Y599	-0.08258776	0.06821039	0.45705384
P42224	STAT1	STAT1	S	727	STAT1-S727	727	1	STAT1_S727	0.05202104	0.45718326	-0.07750970
P04637	TP53	p53	S	6	TP53-S6	6	1	TP53_S6	0.33590882	0.62636568	0.75632014
P46734	MAP2K3	MKK3/MAP2K3	S	189	MAP2K3-S189	189	0	MAP2K3_S189	0.05410109	-0.25589688	-0.47232389
Q9UBS0	RPS6KB2	P70S6K-beta	S	423	RPS6KB2-S423	423	1	RPS6KB2_S423	0.10698913	0.32247669	0.58688562
P55957	BID	BID	S	78	BID-S78	78	0	BID_S78	-0.16159390	-0.21094732	-0.62358385
O43521	BCL2L11	BIM	S	69	BCL2L11-S69	69/65	0	BCL2L11_S69	-0.26639352	0.28600003	-0.17382740
O75582	RPS6KA5	MSK1	S	360	RPS6KA5-S360	360	1	RPS6KA5_S360	0.24563850	-0.30371372	-0.21981909
Q15831	STK11	LKB1	S	428	STK11-S428	428	1	STK11_S428	0.21244771	0.54079901	0.65560689
P21860	ERBB3	HER3/ErbB3	Y	1222	ERBB3-Y1222	1222	0	ERBB3_Y1222	-0.47726540	-0.85452143	-0.70814899
P06493	CDK1	CDK1/CDC2	T	14	CDK1-T14	14	-1	CDK1_T14	-0.47709200	-0.22497236	0.03360691
O95471	CLDN7	Claudin 7	Y	210	CLDN7-Y210	210	0	CLDN7_Y210	-0.02263049	0.48311797	0.36348414
P16284	PECAM1	PECAM-1	Y	713	PECAM1-Y713	713	1	PECAM1_Y713	-0.16474360	-0.56126926	-0.08743351
P15976	GATA1	GATA1	S	142	GATA1-S142	142	0	GATA1_S142	0.04201343	0.20248340	0.52861012
P31749	AKT1	AKT1	Y	326	AKT1-Y326	326	1	AKT1_Y326	-0.01081351	-0.50624908	-0.22038893
Q9UD71	PPP1R1B	DARPP-32	T	34	PPP1R1B-T34	34	1	PPP1R1B_T34	0.23061322	-0.25230077	-0.30906767
P06239	LCK	LCK	S	59	LCK-S59	59	-1	LCK_S59	-0.25698513	-0.51917247	-0.03159800
P06239	LCK	LCK	Y	505	LCK-Y505	504	0	LCK_Y505	-0.49862481	-0.00336820	-0.21737989
P16220	CREB1	CREB	S	121	CREB1-S121	121	-1	CREB1_S121	-0.12490990	-0.15458456	0.37531853
P35568	IRS1	IRS-1	S	312	IRS1-S312	312	-1	IRS1_S312	0.08757453	-0.20443144	-0.42981566
P48729	CSNK1A1	CK1-A	T	321	CSNK1A1-T321	321	0	CSNK1A1_T321	-0.01041714	0.11353910	0.48499212
Q13554	CAMK2B	CaMK2-beta/gamma/delta	T	287	CAMK[2B,2D,2G]-T287	287	1	CAMK2B_T287	0.01941997	-0.36511646	-0.47287216
P50552	VASP	VASP	S	157	VASP-S157	157	1	VASP_S157	0.50110404	0.02018552	0.30866200
P49841	GSK3B	GSK3 alpha/beta	Y	216	GSK[3A,3B]-Y216/Y279	216/279	1	GSK3B_Y216	-0.04348962	-0.46602498	0.02578631
P31751	AKT2	AKT2	S	474	AKT2-S474	474	1	AKT2_S474	0.03866502	0.50809583	0.38972729
P42262	GRIA2	GluR2	S	880	GRIA2-S880	880	0	GRIA2_S880	-0.35735104	-0.74443443	-0.63339760
P10636	MAPT	Tau	S	404	MAPT-S404	404	0	MAPT_S404	-0.64534090	-0.29620083	-0.69645012
P10415	BCL2	BCL-2	S	70	BCL2-S70	70	0	BCL2_S70	0.46412440	-0.01838196	0.37243060
O96017	CHEK2	Chk2	T	383	CHEK2-T383	383	1	CHEK2_T383	0.46104751	-0.01928253	-0.01294548
P19419	ELK1	Elk1	T	417	ELK1-T417	417	0	ELK1_T417	-0.09171162	0.23972399	0.40408407
P29474	NOS3	eNOS	T	495	NOS3-T495	495	-1	NOS3_T495	0.14876504	0.58009579	0.50826760
Q06187	BTK	BTK	Y	223	BTK-Y223	223	1	BTK_Y223	-0.49560457	-0.11159237	-0.03390438
P46527	CDKN1B	p27Kip1	T	187	CDKN1B-T187	187	0	CDKN1B_T187	-0.30995231	0.19569422	-0.26637432
P23443	RPS6KB1	P70S6K	T	421	RPS6KB1-T421	421	1	RPS6KB1_T421	0.06365478	-0.10144729	-0.42173248
P42261	GRIA1	GluR1	S	849	GRIA1-S849	849	1	GRIA1_S849	-0.00657954	-0.03216634	0.44478642
P30291	WEE1	WEE1	S	53	WEE1-S53	53	-1	WEE1_S53	0.39221507	-0.09779632	0.31571481
Q00987	MDM2	MDM2	S	166	MDM2-S166	166	1	MDM2_S166	-0.68069120	-0.88338495	-0.54824032
P15336	ATF2	ATF2	T	69	ATF2-T52/T69	69/51	1	ATF2_T69	-0.10877415	-0.50783254	-0.54582014
P42229	STAT5A	STAT5A	Y	694	STAT5A-Y694	694	1	STAT5A_Y694	-0.26391454	-0.17108673	-0.58883474
O60825	PFKFB2	6-phosphofructo-2-kinase/fructose-2,6-biphosphatase 2 (PFKFB2)	S	483	PFKFB2-S483	483	0	PFKFB2_S483	-0.23523415	-0.47125356	-0.63405372
O43524	FOXO3	FKHRL1/FOXO3A	S	253	FOXO3-S253	253	-1	FOXO3_S253	0.45229855	0.02085179	-0.00528797
P78552	IL13RA1	IL-13R/CD213a1	Y	405	IL13RA1-Y405	405	0	IL13RA1_Y405	0.28941314	0.55474168	0.67158832
Q05586	GRIN1	NMDAR1	S	897	GRIN1-S897	897	1	GRIN1_S897	0.21901267	0.42461936	0.61725660
P52630	STAT2	STAT2	Y	690	STAT2-Y690	690	0	STAT2_Y690	0.21063344	0.50125185	0.60755206
Q92769	HDAC2	HDAC2	S	394	HDAC2-S394	394	0	HDAC2_S394	0.38888155	0.06129030	-0.07992688
P29353	SHC1	Shc	Y	427	SHC1-Y427	427	1	SHC1_Y427	-0.26763079	-0.65060832	-0.48073483
P16885	PLCG2	PLCG2	Y	1217	PLCG2-Y1217	1217	1	PLCG2_Y1217	-0.16331477	0.15655706	-0.32189154
P25098	ADRBK1	GRK2	S	29	ADRBK1-S29	29	1	ADRBK1_S29	-0.13415321	-0.22848748	0.25395981
P04637	TP53	p53	S	33	TP53-S33	33	1	TP53_S33	0.21470924	-0.26565271	-0.22250002
P05412	JUN	c-Jun	S	63	JUN-S63	63	1	JUN_S63	-0.18746818	0.29065028	-0.11873231
P23443	RPS6KB1	P70S6K	S	424	RPS6KB1-S424	424	1	RPS6KB1_S424	0.36746977	-0.07567947	-0.09973843
P42226	STAT6	STAT6	Y	641	STAT6-Y641	641	0	STAT6_Y641	0.64539156	0.26786421	0.53680420
P55211	CASP9	Caspase 9	S	196	CASP9-S196	196	-1	CASP9_S196	-0.16375781	0.30823485	0.11348760
P19174	PLCG1	PLCG1	Y	783	PLCG1-Y783	783	1	PLCG1_Y783	0.11481484	-0.35043410	-0.20225117
P04792	HSPB1	HSP27	S	15	HSPB1-S15	15	0	HSPB1_S15	0.14566002	0.07024675	0.49276484
Q05193	DNM1	DYN1	S	774	DNM1-S774	774	1	DNM1_S774	-0.51112099	-0.50162898	-0.09638592
P56945	BCAR1	p130Cas	Y	410	BCAR1-Y410	410	0	BCAR1_Y410	-0.08488153	-0.48819027	-0.50178662
P35611	ADD1	ADD1	S	726	ADD1-S726	726	0	ADD1_S726	-0.43441882	0.00461511	-0.08398491
P04637	TP53	p53	S	9	TP53-S9	9	0	TP53_S9	-0.15567745	-0.37317518	-0.55288912
P12931	SRC	Src	S	75	SRC-S75	75	1	SRC_S75	-0.01483531	0.42404574	0.30988221
O60674	JAK2	JAK2	Y	221	JAK2-Y221	221	1	JAK2_Y221	0.02110984	-0.20218991	-0.41768116
P10415	BCL2	BCL-2	T	56	BCL2-T56	56	1	BCL2_T56	0.39002061	0.23399915	0.60870557
Q99704	DOK1	Dok-1	Y	398	DOK1-Y398	398	0	DOK1_Y398	0.20906113	-0.09362308	-0.25194538
P17612	PRKACA	PKA CAT	T	198	PRKACA-T198	197	1	PRKACA_T198	0.30673137	-0.06917148	-0.15022046
P13639	EEF2	EEF2	T	57	EEF2-T57	56	-1	EEF2_T57	-0.21763037	-0.59370851	-0.56707963
Q9Y2W7	KCNIP3	Calsenilin/KCNIP3	S	63	KCNIP3-S63	63	0	KCNIP3_S63	0.17682873	0.55832840	0.22286295
P46108	CRK	CrkII	Y	221	CRK-Y221	221	0	CRK_Y221	-0.63501705	-0.42318386	-0.27604383
P18505	GABRB1	GABA-RB	S	434	GABRB1-S434	434	0	GABRB1_S434	0.01335799	0.43155112	0.23367074
Q92974	ARHGEF2	Rho/Rac guanine nucleotide exchange factor 2	S	886	ARHGEF2-S886	885	-1	ARHGEF2_S886	-0.37708349	0.05582783	-0.31290581
P30305	CDC25B	CDC25B	S	353	CDC25B-S353	353	0	CDC25B_S353	-0.58670104	-0.66815554	-0.32307973
P21579	SYT1	Synaptotagmin	S	309	SYT1-S309	309	0	SYT1_S309	0.37388805	-0.05900315	0.12244222
Q12778	FOXO1	FKHR/FOXO1A	S	329	FOXO1-S329	329	0	FOXO1_S329	-0.21799754	-0.57167322	-0.20179979
P35568	IRS1	IRS-1	S	323	IRS1-S323	323	0	IRS1_S323	-0.35146785	-0.50282629	-0.68831515
P35568	IRS1	IRS-1	S	636	IRS1-S636	636	0	IRS1_S636	0.47577798	0.55263579	0.18201506
O15111	CHUK	IKK-alpha/beta	S	180	CHUK/IKBKB-S180/S181	180/181	1	CHUK_S180	0.00613854	-0.32336297	-0.40723168
Q14683	SMC1A	SMC1	S	957	SMC1A-S957	957	0	SMC1A_S957	-0.08120723	0.34712862	-0.06084406
P16220	CREB1	CREB	S	142	CREB1-S142	142	0	CREB1_S142	0.17942971	-0.09528986	-0.25910280
Q05397	PTK2	FAK	Y	576	PTK2-Y576	576	1	PTK2_Y576	0.09142272	-0.18202165	0.25458197
P04049	RAF1	Raf1	S	621	RAF1-S621	621	0	RAF1_S621	-0.58336020	-0.23227043	-0.55484944
P84022	SMAD3	Smad2/3	T	8	SMAD[2,3]-T8	8	0	SMAD3_T8	-0.14269369	0.28378297	0.06544549
P78527	PRKDC	DNA-PK	T	2647	PRKDC-T2647	2647	0	PRKDC_T2647	0.01799643	-0.38774983	-0.11670976
Q9UQC2	GAB2	Gab2	S	159	GAB2-S159	159	0	GAB2_S159	-0.44842524	-0.22224209	-0.06463123
Q13541	EIF4EBP1	4E-BP1	T	45	EIF4EBP1-T45	45	0	EIF4EBP1_T45	0.02395401	0.25949703	0.41232671
P31749	AKT1	AKT1	T	72	AKT1-T72	72	1	AKT1_T72	0.23161111	0.53006181	0.57253639
O75553	DAB1	DAB1	Y	232	DAB1-Y232	232	0	DAB1_Y232	0.26150443	-0.12200875	-0.15391200
O96017	CHEK2	Chk2	T	387	CHEK2-T387	387	1	CHEK2_T387	-0.08495257	-0.40871706	-0.45190636
P98172	EFNB1	Ephrin B1	Y	317	EFNB1-Y317	317	0	EFNB1_Y317	0.00103574	-0.29360827	-0.38484080
Q14247	CTTN	Cortactin	Y	466	CTTN-Y466	466	0	CTTN_Y466	0.46582296	0.27917995	0.10462004
P42345	MTOR	mTOR	S	2448	MTOR-S2448	2448	1	MTOR_S2448	0.04958400	0.31346784	0.42296973
P42226	STAT6	STAT6	T	645	STAT6-T645	645	0	STAT6_T645	0.15788539	-0.13263155	-0.24711631
Q9UN19	DAPP1	DAPP1	Y	139	DAPP1-Y139	139	1	DAPP1_Y139	-0.04556704	0.04653139	0.34200304
P04049	RAF1	Raf1	S	338	RAF1-S338	338	1	RAF1_S338	0.09624154	0.33546597	-0.05321515
O96020	CCNE2	Cyclin E2	T	392	CCNE2-T392	392	-1	CCNE2_T392	-0.20682050	-0.38046352	-0.00376009
P55211	CASP9	Caspase 9	S	144	CASP9-S144	144	-1	CASP9_S144	0.35553454	0.35364699	-0.02784262
P10275	AR	Androgen Receptor	S	213	AR-S213	213	0	AR_S213	-0.23100027	-0.06530088	0.16510429
P35240	NF2	Merlin	S	518	NF2-S518	518	-1	NF2_S518	0.40832796	0.22932466	0.55268770
Q07812	BAX	BAX	T	167	BAX-T167	167	1	BAX_T167	-0.27552230	-0.34959428	0.02781819
P17252	PRKCA	PKC alpha/beta II	T	638	PRKCA-T638	638	0	PRKCA_T638	0.40597284	0.25960450	0.04460159
P45983	MAPK8	SAPK/JNK	Y	185	MAPK[8,9,10]-Y185	185	0	MAPK8_Y185	0.60367123	0.60854637	0.85762500
P10721	KIT	KIT	Y	936	KIT-Y936	936	-1	KIT_Y936	0.09964152	0.44645225	0.18300612
P06493	CDK1	CDK1/CDC2	Y	15	CDK1-Y15	15	-1	CDK1_Y15	-0.00685797	0.34393874	0.36113884
O15111	CHUK	IKK-alpha	T	23	CHUK-T23	23	1	CHUK_T23	0.01139696	-0.35741728	-0.26937632
P54762	EPHB1	EPHB1/2	Y	594	EPHB[1,2]-Y594/Y596/Y604	594/604	0	EPHB1_Y594	-0.33202778	0.00290061	0.04233052
P17677	GAP43	GAP43	S	41	GAP43-S41	41	0	GAP43_S41	0.06427214	0.41525834	0.35436877
Q9Y6K9	IKBKG	IKK-gamma	S	85	IKBKG-S85	85	1	IKBKG_S85	-0.23647560	0.11026585	-0.27222559
P09619	PDGFRB	PDGFR beta	Y	751	PDGFRB-Y751	751	1	PDGFRB_Y751	-0.12555262	0.25686144	0.16054910
P04637	TP53	p53	S	46	TP53-S46	46	1	TP53_S46	0.53612246	0.41941685	0.22166682
Q9UM73	ALK	ALK	Y	1604	ALK-Y1604	1604	0	ALK_Y1604	-0.08181209	-0.42426951	-0.26849936
Q04206	RELA	NFkB-p65	T	254	RELA-T254	254	1	RELA_T254	0.41904140	0.07563648	0.21452485
P10636	MAPT	Tau	T	181	MAPT-T181	181	0	MAPT_T181	0.14881536	0.31238761	0.47672268
P25445	FAS	FAS	Y	291	FAS-Y291	291	0	FAS_Y291	-0.01342784	-0.25895812	0.11697060
O60496	DOK2	Dok-2	Y	299	DOK2-Y299	299	0	DOK2_Y299	-0.47262265	-0.40917520	-0.15041552
P05412	JUN	c-Jun	T	239	JUN-T239	239	0	JUN_T239	0.24735870	0.54969324	0.42303336
P49023	PXN	Paxillin	Y	118	PXN-Y118	118	0	PXN_Y118	0.10178405	-0.03238160	0.32647177
P23443	RPS6KB1	P70S6K	S	411	RPS6KB1-S411	411	0	RPS6KB1_S411	-0.08053041	-0.20821102	-0.41567755
Q05397	PTK2	FAK	Y	397	PTK2-Y397	397	0	PTK2_Y397	-0.14209456	-0.46429856	-0.24957632
P01106	MYC	Myc	T	58	MYC-T58	58	0	MYC_T58	0.18653095	0.36121621	0.49966298
P62753	RPS6	S6 Ribosomal Protein	S	235	RPS6-S235	235	0	RPS6_S235	0.13810765	0.26714723	0.45887008
P35968	KDR	VEGFR2	Y	1175	KDR-Y1175	1175	1	KDR_Y1175	-0.12946354	0.23799583	0.22987182
P51813	BMX	ETK	Y	40	BMX-Y40	40	1	BMX_Y40	0.03162182	-0.07639326	-0.32116087
P42224	STAT1	STAT1	Y	701	STAT1-Y701	701	0	STAT1_Y701	0.26392188	0.18905044	0.49537318
Q05397	PTK2	FAK	Y	925	PTK2-Y925	925	1	PTK2_Y925	-0.19769102	-0.50149530	-0.37391307
Q04864	REL	Rel	S	503	REL-S503	503	0	REL_S503	-0.02776961	-0.34082837	-0.36503053
P29966	MARCKS	MARCKS	S	163	MARCKS-S163	163	0	MARCKS_S163	0.11794530	-0.24173341	0.00179452
P50613	CDK7	CDK7	T	170	CDK7-T170	170	1	CDK7_T170	-0.56908918	-0.30140375	-0.28355626
P60484	PTEN	PTEN	S	370	PTEN-S370	370	0	PTEN_S370	0.07254048	-0.18829252	-0.27606188
P49407	ARRB1	Arrestin-1	S	412	ARRB1-S412	412	0	ARRB1_S412	-0.04013136	0.29695588	0.30176478
Q13322	GRB10	GRB10/Growth factor receptor-bound protein 10	Y	67	GRB10-Y67	67	0	GRB10_Y67	0.15944147	0.42929928	0.46208732
P10636	MAPT	Tau	S	422	MAPT-S422	422	0	MAPT_S422	0.27720292	0.06412422	0.38524029
O14757	CHEK1	Chk1	S	280	CHEK1-S280	280	-1	CHEK1_S280	-0.14976205	0.20274592	0.11085552
P27361	MAPK3	p44/42 MAPK	T	202	MAPK[1,3]-T202	202	0	MAPK3_T202	0.35803516	0.59985262	0.32865194
Q01970	PLCB3	PLC beta3	S	1105	PLCB3-S1105	1105	-1	PLCB3_S1105	0.41588167	0.45809796	0.15602258
P15056	BRAF	B-RAF	S	446	BRAF-S446	446	1	BRAF_S446	-0.05983632	0.28108505	0.22619866
Q04206	RELA	NFkB-p65	S	529	RELA-S529	529	1	RELA_S529	0.02101299	-0.30921700	-0.04079918
O14965	AURKA	AurA	S	342	AURKA-S342	342	1	AURKA_S342	-0.08908828	-0.12110998	0.21740646
Q9UD71	PPP1R1B	DARPP-32	T	75	PPP1R1B-T75	75	1	PPP1R1B_T75	0.31612202	-0.00572199	0.22019810
P05023	ATP1A1	ATPase	S	16	ATP1A1-S16	16	0	ATP1A1_S16	-0.09131670	-0.17662340	-0.39355581
O60716	CTNND1	Catenin delta-1	Y	228	CTNND1-Y228	228	0	CTNND1_Y228	-0.03807229	0.28744571	0.01569063
P41235	HNF4A	HNF4 alpha	S	313	HNF4A-S313	313	-1	HNF4A_S313	0.39123663	0.30220967	0.09119678
Q92934	BAD	BAD	S	75	BAD-S75	112	0	BAD_S75	0.23247228	0.43804523	0.14997399
Q12778	FOXO1	FKHR	S	319	FOXO1-S319	319	0	FOXO1_S319	0.23735714	0.38848067	0.09064874
P15941	MUC1	CD227/mucin 1	Y	1243	MUC1-Y1243	1243	0	MUC1_Y1243	-0.20033819	-0.09586360	0.12891393
Q02750	MAP2K1	MEK1	T	292	MAP2K1-T292	291	-1	MAP2K1_T292	-0.20455272	-0.12604983	0.12441794
P15260	IFNGR1	Interferon-gamma receptor alpha chain precursor	Y	457	IFNGR1-Y457	457	0	IFNGR1_Y457	-0.30930384	-0.32052827	-0.56631497
P18848	ATF4	ATF4	S	245	ATF4-S245	245	1	ATF4_S245	-0.43130576	-0.44770701	-0.16964966
P35222	CTNNB1	Catenin beta	Y	654	CTNNB1-Y654	654	1	CTNNB1_Y654	0.21596498	0.00407246	-0.10604537
P05106	ITGB3	Integrin beta-3	Y	773	ITGB3-Y773	773	0	ITGB3_Y773	-0.06401693	0.13434586	0.25204574
Q04206	RELA	NFkB-p65	T	505	RELA-T505	505	0	RELA_T505	0.17086250	-0.07283989	0.24370929
P08581	MET	Met	Y	1349	MET-Y1349	1349	1	MET_Y1349	0.07165173	0.26417138	-0.04780495
P24394	IL4R	IL-4R/CD124	Y	497	IL4R-Y497	497	1	IL4R_Y497	0.06473305	-0.07758659	0.23666087
P31749	AKT1	AKT1	S	246	AKT1-S246	246	1	AKT1_S246	-0.13475188	0.15597855	0.18053318
Q13153	PAK1	PAK1	T	212	PAK1-T212	212	0	PAK1_T212	0.17775481	-0.01219585	0.29007907
O75030	MITF	MITF	S	73	MITF-S73	73	0	MITF_S73	-0.27216990	-0.30312114	-0.52480547
Q99683	MAP3K5	ASK1	S	83	MAP3K5-S83	83	-1	MAP3K5_S83	-0.28021775	-0.29512800	0.00343349
Q92934	BAD	BAD	S	99	BAD-S99	136	0	BAD_S99	-0.25002200	-0.29594864	0.00220037
P22001	KCNA3	Kv1.3/KCNA3	Y	187	KCNA3-Y187	135	1	KCNA3_Y187	-0.13393572	0.00009475	0.17779350
P05412	JUN	c-Jun	S	243	JUN-S243	243	-1	JUN_S243	0.45741457	0.35006247	0.58674612
P32927	CSF2RB	IL3RB	Y	593	CSF2RB-Y593	593	1	CSF2RB_Y593	0.08483681	0.13860508	-0.17110943
P30304	CDC25A	CDC25A	S	124	CDC25A-S124	124	-1	CDC25A_S124	-0.40209958	-0.29216374	-0.53690427
P98177	FOXO4	AFX/FOXO4	S	197	FOXO4-S197	197	0	FOXO4_S197	-0.08225372	-0.01719403	-0.30701766
Q16539	MAPK14	p38 MAPK	T	180	MAPK14-T180	180	1	MAPK14_T180	-0.06235962	-0.24240730	0.05722026
P29317	EPHA2	EPHA2/3/4	Y	588	EPHA[2,3,4]-Y588/Y596	588/596	1	EPHA2_Y588	0.11812129	-0.18240165	-0.11279093
Q92736	RYR2	RyR2	S	2808	RYR2-S2808	2808	0	RYR2_S2808	-0.10739987	-0.37321586	-0.29712493
P35968	KDR	VEGFR2	Y	1059	KDR-Y1059	1059	1	KDR_Y1059	0.10568994	0.13249789	0.37003771
Q13651	IL10RA	IL-10R-alpha	Y	496	IL10RA-Y496	496	0	IL10RA_Y496	-0.25883552	-0.27542699	0.00839902
Q9BZL6	PRKD2	PKD2	S	876	PRKD2-S876	876	1	PRKD2_S876	-0.20262589	-0.39449871	-0.13589065
P15336	ATF2	ATF2	T	73	ATF2-T55/T73	73/55	1	ATF2_T73	0.23780635	0.09011484	0.35524172
Q96GD4	AURKB	AurB	Y	12	AURKB-Y12	12	0	AURKB_Y12	-0.10182812	0.11602002	0.18854441
Q9UQL6	HDAC5	HDAC5	S	259	HDAC5-S259	259	-1	HDAC5_S259	-0.23223083	-0.17641288	-0.42401831
O14964	HGS	HRS	Y	334	HGS-Y334	334	0	HGS_Y334	-0.22904423	0.05501111	0.03136975
P05412	JUN	c-Jun	T	91	JUN-T91	91	0	JUN_T91	0.22172858	0.17818254	-0.06314620
P04049	RAF1	Raf1	Y	341	RAF1-Y341	341	0	RAF1_Y341	-0.26748606	0.00978503	-0.10969912
P05771	PRKCB	PKC beta/PKCB	S	661	PRKCB-S661	661	0	PRKCB_S661	-0.00917643	0.26720814	0.07872405
Q04206	RELA	NFkB-p65	S	311	RELA-S311	311	0	RELA_S311	0.02729590	0.01156085	0.28231243
P84022	SMAD3	Smad3	S	425	SMAD3-S425	425	1	SMAD3_S425	0.64340867	0.64845028	0.44323693
Q15139	PRKD1	PKD1/PKC mu	S	205	PRKD1-S205	205	1	PRKD1_S205	0.11592910	0.32163326	0.05960252
P11309	PIM1	Pim-1	Y	309	PIM1-Y309	309	0	PIM1_Y309	-0.17110806	0.09715317	-0.18468835
P19525	EIF2AK2	PKR	T	446	EIF2AK2-T446	446	1	EIF2AK2_T446	0.00454622	-0.03372174	0.23912376
Q01970	PLCB3	PLC beta3	S	537	PLCB3-S537	537	0	PLCB3_S537	0.00468197	-0.20587291	0.07005531
P06400	RB1	Rb	S	608	RB1-S608	608	0	RB1_S608	-0.16298366	-0.12692835	0.11569860
P01106	MYC	Myc	S	62	MYC-S62	62	0	MYC_S62	0.24090990	0.26822313	0.46903869
P17948	FLT1	VEGFR1	Y	1333	FLT1-Y1333	1333	-1	FLT1_Y1333	0.03767712	-0.01732446	0.25005230
Q15139	PRKD1	PKD1/PKC mu	S	910	PRKD1-S910	910	1	PRKD1_S910	0.07976083	0.22765139	0.32802787
P54646	PRKAA2	AMPK1	T	172	PRKAA2-T172	172	1	PRKAA2_T172	0.72112151	0.82789565	0.88495913
Q05513	PRKCZ	PKC zeta	T	560	PRKCZ-T560	560	0	PRKCZ_T560	0.12625348	0.20349264	0.36677648
P17600	SYN1	Synapsin	S	9	SYN1-S9	9	1	SYN1_S9	0.22634866	0.36665359	0.12751781
Q06413	MEF2C	MEF2C	S	396	MEF2C-S396	396	0	MEF2C_S396	-0.04092909	0.21140112	-0.05498884
P05106	ITGB3	Integrin beta-3	Y	785	ITGB3-Y785	785	-1	ITGB3_Y785	0.06621307	0.16333189	-0.10621223
P16220	CREB1	CREB	T	100	CREB1-T100	100	-1	CREB1_T100	-0.20773684	-0.14225726	0.05840086
P49815	TSC2	Tuberin/TSC2	T	1462	TSC2-T1462	1462	-1	TSC2_T1462	-0.20916594	0.05618651	-0.09123200
P56524	HDAC4	HDAC4	S	632	HDAC4-S632	632	0	HDAC4_S632	0.20600605	0.25629856	-0.00118103
Q13177	PAK2	PAK1/2/3	S	141	PAK[1,2,3]-S141/S142	141	1	PAK2_S141	-0.02426429	-0.13027271	-0.27756876
P17600	SYN1	Synapsin	S	62	SYN1-S62	62	0	SYN1_S62	0.19397596	0.33019578	0.42042954
P45983	MAPK8	JNK1/2/3	T	183	MAPK[8,9,10]-T183/Y185	183/185	0	MAPK8_T183	-0.17605968	-0.09910931	0.08837489
P04626	ERBB2	HER2	Y	1248	ERBB2-Y1248	1248	1	ERBB2_Y1248	-0.02442785	-0.27493979	-0.18603043
P09619	PDGFRB	PDGFR beta	Y	740	PDGFRB-Y740	740	1	PDGFRB_Y740	0.15321367	0.34694400	0.11116163
P05783	KRT18	Keratin 18	S	34	KRT18-S34	33	0	KRT18_S34	0.43882477	0.25169187	0.21899473
P55212	CASP6	Caspase 6	S	257	CASP6-S257	257	0	CASP6_S257	-0.03621420	0.22107637	0.01155713
Q99704	DOK1	Dok-1	Y	362	DOK1-Y362	362	0	DOK1_Y362	0.26986226	0.09325686	0.32878480
Q04206	RELA	NFkB-p65	S	276	RELA-S276	276	1	RELA_S276	-0.28376880	-0.32383363	-0.09282246
Q15303	ERBB4	HER4/ErbB4	Y	1284	ERBB4-Y1284	1284	0	ERBB4_Y1284	0.32872466	0.37713415	0.15988369
P06400	RB1	Rb	S	811	RB1-S811	811	0	RB1_S811	-0.10191385	-0.28947788	-0.05800834
O96017	CHEK2	Chk2	S	516	CHEK2-S516	516	1	CHEK2_S516	-0.04356353	-0.00412891	-0.24282555
Q02078	MEF2A	MEF2A	T	319	MEF2A-T319	319	1	MEF2A_T319	0.47555190	0.27879152	0.43525545
P24864	CCNE1	Cyclin E1	T	395	CCNE1-T395	395	-1	CCNE1_T395	-0.00920836	-0.16753345	0.07286277
Q05397	PTK2	FAK	Y	861	PTK2-Y861	861	1	PTK2_Y861	0.14169679	0.14835760	0.34945104
Q96A00	PPP1R14A	CPI17 alpha	T	38	PPP1R14A-T38	38	-1	PPP1R14A_T38	0.07579809	-0.15947972	-0.12247740
P35222	CTNNB1	Catenin beta	S	33	CTNNB1-S33	33	0	CTNNB1_S33	-0.22259172	-0.05941480	0.00547103
Q13153	PAK1	PAK1/2	S	199	PAK1-S199	199	1	PAK1_S199	-0.19823855	-0.25133992	-0.39787646
Q16543	CDC37	HSP90 co-chaperone Cdc37	S	13	CDC37-S13	13	0	CDC37_S13	-0.12832677	-0.04894441	-0.26429988
Q9NYV6	RRN3	TIF-IA	S	649	RRN3-S649	649	1	RRN3_S649	0.68017213	0.52190769	0.58369788
Q15139	PRKD1	PKD1/PKC mu	Y	463	PRKD1-Y463	463	1	PRKD1_Y463	0.02183168	-0.20264098	-0.10104644
P53396	ACLY	ATP-Citrate Lyase	S	455	ACLY-S455	454	0	ACLY_S455	0.15844653	-0.06997287	0.08792244
P23443	RPS6KB1	P70S6K	S	371	RPS6KB1-S371	371	0	RPS6KB1_S371	0.05968094	0.27118432	0.17135924
P49841	GSK3B	GSK3 beta	S	9	GSK3B-S9	9	-1	GSK3B_S9	-0.12318290	0.00554966	-0.21394545
Q9H0H5	RACGAP1	GTPase activating protein	S	387	RACGAP1-S387	387	1	RACGAP1_S387	-0.02024328	-0.10967190	0.11073667
P28562	DUSP1	MKP-1/2	S	296	DUSP[1,4]-S296/S318	296/318	-1	DUSP1_S296	-0.09128764	-0.20978080	-0.29142253
P36956	SREBF1	SREBP-1	S	439	SREBF1-S439	439	1	SREBF1_S439	0.24889880	0.16800575	0.04298067
P00533	EGFR	EGFR	Y	1069	EGFR-Y1069	1069	-1	EGFR_Y1069	0.00894612	-0.10150852	0.11739873
Q15831	STK11	LKB1	T	189	STK11-T189	189	0	STK11_T189	0.33688795	0.50592158	0.43085895
O60674	JAK2	JAK2	Y	1007	JAK2-Y1007	1007	0	JAK2_Y1007	0.25911810	0.05640073	0.06405564
O43561	LAT	LAT	Y	191	LAT-Y191	191	1	LAT_Y191	-0.04921660	-0.18036469	0.03335360
O15551	CLDN3	Claudin 3	Y	219	CLDN3-Y219	219	0	CLDN3_Y219	-0.07409014	-0.27387767	-0.27136484
Q12778	FOXO1	FOXO1/3/4-pan	T	24	FOXO[1,4]-T24/T32	24/32	0	FOXO1_T24	-0.07071252	0.05320985	-0.15927080
P06213	INSR	IR	Y	1361	INSR-Y1361	1361	1	INSR_Y1361	-0.09495398	0.11704900	0.04916541
P42345	MTOR	mTOR	S	2481	MTOR-S2481	2481	1	MTOR_S2481	-0.09253740	-0.26287696	-0.28535171
Q15835	GRK1	GRK1	S	21	GRK1-S21	21	-1	GRK1_S21	-0.34787745	-0.46337346	-0.29603782
P42261	GRIA1	GluR1	S	863	GRIA1-S863	863	1	GRIA1_S863	0.17458849	-0.03128702	0.09677344
P36507	MAP2K2	MEK2	T	394	MAP2K2-T394	394	0	MAP2K2_T394	0.14334269	0.23205298	0.03414168
P46527	CDKN1B	p27Kip1	S	10	CDKN1B-S10	10	0	CDKN1B_S10	-0.12381534	0.00756659	0.08520986
P42574	CASP3	Caspase 3	S	150	CASP3-S150	150	-1	CASP3_S150	-0.33645812	-0.32344376	-0.48713703
P04626	ERBB2	HER2	T	686	ERBB2-T686	686	-1	ERBB2_T686	-0.13775194	-0.23769046	-0.04457283
P53350	PLK1	PLK1	T	210	PLK1-T210	210	1	PLK1_T210	-0.03250503	-0.22521978	-0.05156755
O00418	EEF2K	eEF2K	S	366	EEF2K-S366	366	0	EEF2K_S366	0.02954972	-0.01599302	0.18231066
P49137	MAPKAPK2	MAPKAPK2	S	272	MAPKAPK2-S272	272	1	MAPKAPK2_S272	-0.03841824	0.16148562	0.03709473
P16949	STMN1	Stathmin 1	S	16	STMN1-S16	15	-1	STMN1_S16	-0.16475095	0.03478715	-0.08726066
P45985	MAP2K4	MKK4/SEK1	S	257	MAP2K4-S257	257	1	MAP2K4_S257	-0.25300768	-0.23215678	-0.40005906
P51692	STAT5B	STAT5B	S	731	STAT5B-S731	731	1	STAT5B_S731	0.35044280	0.20642325	0.18296639
P17844	DDX5	DDX5/DEAD-box protein 5	Y	593	DDX5-Y593	593	0	DDX5_Y593	0.01298678	-0.15463187	0.03709862
P05412	JUN	c-Jun	T	93	JUN-T93	93	0	JUN_T93	0.22206408	0.14531939	0.31385650
P17275	JUNB	JunB	S	259	JUNB-S259	259	-1	JUNB_S259	0.13281105	0.16611725	-0.01952842
Q00653	NFKB2	NFkB-p100/p52	S	866	NFKB2-S866	865	0	NFKB2_S866	0.00926888	-0.17499801	-0.05868018
Q04759	PRKCQ	PKC theta	S	676	PRKCQ-S676	676	1	PRKCQ_S676	0.00113702	0.17618407	0.18194485
P43403	ZAP70	Zap-70	Y	292	ZAP70-Y292	292	-1	ZAP70_Y292	-0.02717685	-0.20296035	-0.04136389
P29966	MARCKS	MARCKS	S	159	MARCKS-S159	158	0	MARCKS_S159	-0.58726070	-0.48787863	-0.61743461
Q04206	RELA	NFkB-p65	T	435	RELA-T435	435	0	RELA_T435	-0.11029012	-0.06518694	-0.23233799
P40763	STAT3	STAT3	S	727	STAT3-S727	727	0	STAT3_S727	0.17936214	0.04199850	0.20947068
P40763	STAT3	STAT3	Y	705	STAT3-Y705	705	0	STAT3_Y705	-0.18889041	-0.10786931	-0.26702189
O75553	DAB1	DAB1	Y	220	DAB1-Y220	220	0	DAB1_Y220	0.26386598	0.33079616	0.40747393
P16144	ITGB4	Integrin beta-4	Y	1510	ITGB4-Y1510	1510	0	ITGB4_Y1510	-0.09934406	-0.11836707	0.05337865
Q13480	GAB1	Gab1	Y	627	GAB1-Y627	627	0	GAB1_Y627	0.13730334	0.18808698	0.28789317
Q13131	PRKAA1	AMPK1/AMPK2	S	486	PRKAA[1,2]-S485/S486/S491	485/491	0	PRKAA1_S486	0.11607812	0.26776658	0.18849461
Q13541	EIF4EBP1	4E-BP1	T	36	EIF4EBP1-T36	36	0	EIF4EBP1_T36	-0.14760329	-0.29585023	-0.20988406
P06730	EIF4E	eIF4E	S	209	EIF4E-S209	209	0	EIF4E_S209	0.01198497	0.17323659	0.10290989
Q96B36	AKT1S1	AKT1S1	T	246	AKT1S1-T246	246	-1	AKT1S1_T246	-0.19205003	-0.26762289	-0.12505866
Q13393	PLD1	PLD1	S	561	PLD1-S561	561	1	PLD1_S561	0.02504179	0.00991330	-0.13085851
P35568	IRS1	IRS-1	S	307	IRS1-S307	307	0	IRS1_S307	-0.15005043	-0.28762151	-0.25798651
P17302	GJA1	Connexin 43	S	368	GJA1-S368	367	0	GJA1_S368	-0.17041068	-0.09889615	-0.24081268
P04637	TP53	p53	S	20	TP53-S20	20	0	TP53_S20	-0.50816513	-0.61610425	-0.56180908
P00533	EGFR	EGFR	Y	1110	EGFR-Y1110	1110	1	EGFR_Y1110	0.49937280	0.38252690	0.46937847
P23528	CFL1	Cofilin	S	3	CFL1-S3	3	0	CFL1_S3	0.03853638	0.18490610	0.10195512
P01106	MYC	Myc	S	373	MYC-S373	373	-1	MYC_S373	-0.03786710	-0.05166812	0.10178537
P16949	STMN1	Stathmin 1	S	25	STMN1-S25	24	0	STMN1_S25	0.30651657	0.17582045	0.20149480
P11717	IGF2R	IGF2R	S	2409	IGF2R-S2409	2409	0	IGF2R_S2409	-0.33495238	-0.21458489	-0.33788309
P10636	MAPT	Tau	S	235	MAPT-S235	235	0	MAPT_S235	0.15911368	0.02310843	0.16089698
P35968	KDR	VEGFR2	Y	1054	KDR-Y1054	1054	1	KDR_Y1054	0.22820648	0.09783397	0.20944885
Q05397	PTK2	FAK	Y	407	PTK2-Y407	407	0	PTK2_Y407	-0.13588996	-0.03445291	0.00192752
O75582	RPS6KA5	MSK1	S	376	RPS6KA5-S376	376	1	RPS6KA5_S376	-0.17614267	-0.29768451	-0.29030259
P62136	PPP1CA	PP1 alpha	T	320	PPP1CA-T320	320	-1	PPP1CA_T320	0.04614713	0.05520863	-0.08413564
Q12968	NFATC3	NFAT4	S	165	NFATC3-S165	165	0	NFATC3_S165	0.07955142	0.13134452	-0.00300082
O43318	MAP3K7	MAP3K7/TAK1	T	184	MAP3K7-T184	184	1	MAP3K7_T184	0.01997714	-0.11545568	-0.04898494
P10415	BCL2	BCL-2	T	69	BCL2-T69	69	1	BCL2_T69	0.02683112	-0.07413078	0.06240120
Q92934	BAD	BAD	S	118	BAD-S118	155	0	BAD_S118	-0.12456988	-0.08940023	0.00696470
Q03135	CAV1	Caveolin-1	Y	14	CAV1-Y14	14	1	CAV1_Y14	-0.08681428	-0.20316062	-0.08132726
P01589	IL2RA	IL-2RA/CD25	S	268	IL2RA-S268	268	0	IL2RA_S268	-0.22833600	-0.29893802	-0.33860488
P17275	JUNB	JunB	S	79	JUNB-S79	79	1	JUNB_S79	0.11452162	0.07108011	0.18525510
Q06124	PTPN11	SHP-2	Y	580	PTPN11-Y580	580	1	PTPN11_Y580	0.28497006	0.35440810	0.25721491
P49023	PXN	Paxillin	Y	31	PXN-Y31	31	0	PXN_Y31	0.31531978	0.21585139	0.21576624
Q8IVT5	KSR1	KSR	S	406	KSR1-S406	392	-1	KSR1_S406	0.20353179	0.09746498	0.20306878
Q02750	MAP2K1	MEK1	S	222	MAP2K1-S222	221	1	MAP2K1_S222	0.57054998	0.64580437	0.62171564
P04626	ERBB2	HER2	Y	877	ERBB2-Y877	877	0	ERBB2_Y877	0.15285658	0.25080474	0.20850550
P21860	ERBB3	HER3/ErbB3	Y	1289	ERBB3-Y1289	1289	0	ERBB3_Y1289	-0.31530400	-0.30581714	-0.22384388
Q9BY41	HDAC8	HDAC8	S	39	HDAC8-S39	39	-1	HDAC8_S39	0.14730552	0.04450336	0.07833302
P19525	EIF2AK2	PKR	T	451	EIF2AK2-T451	451	1	EIF2AK2_T451	0.14618865	0.04885447	0.14931280
P21579	SYT1	Synaptotagmin	T	202	SYT1-T202	202	0	SYT1_T202	0.00427426	-0.09914696	-0.04098330
P45983	MAPK8	SAPK/JNK	T	183	MAPK[8,9,10]-T183	183	0	MAPK8_T183	-0.26493270	-0.23445523	-0.17612464
P15498	VAV1	VAV1	Y	174	VAV1-Y174	174	0	VAV1_Y174	0.11259475	0.10580488	0.19841825
P04637	TP53	p53	S	37	TP53-S37	37	1	TP53_S37	-0.44210295	-0.36587416	-0.42446116
P00533	EGFR	EGFR	Y	1016	EGFR-Y1016	1016	1	EGFR_Y1016	-0.10209339	-0.16217863	-0.19288763
P03372	ESR1	Estrogen Receptor-alpha	S	118	ESR1-S118	118	0	ESR1_S118	-0.04455313	-0.13459811	-0.13203743
P20963	CD247	CD3Z	Y	142	CD247-Y142	142	0	CD247_Y142	0.07116112	-0.02207126	0.06394807
P38398	BRCA1	BRCA1	S	1524	BRCA1-S1524	1524	0	BRCA1_S1524	0.08318381	-0.00932775	0.03990622
P11362	FGFR1	FGFR1	Y	154	FGFR1-Y154	154	-1	FGFR1_Y154	0.20352848	0.18658689	0.26735505
P04637	TP53	p53	S	392	TP53-S392	392	0	TP53_S392	-0.39085851	-0.35307073	-0.31887825
O75914	PAK3	PAK3	S	154	PAK3-S154	154	1	PAK3_S154	0.22794019	0.15507818	0.19017249
P15311	EZR	Ezrin	Y	354	EZR-Y354	353	1	EZR_Y354	-0.08218054	-0.00518092	-0.06899542
Q15121	PEA15	PEA-15	S	116	PEA15-S116	116	1	PEA15_S116	0.14482095	0.15918500	0.20603442
Q12778	FOXO1	FKHR	S	256	FOXO1-S256	256	-1	FOXO1_S256	-0.24888110	-0.21171517	-0.19290442
P52564	MAP2K6	MKK6/MAP2K6	S	207	MAP2K6-S207	207	1	MAP2K6_S207	0.01280242	0.07502894	0.01847626
P38936	CDKN1A	p21Cip1	T	145	CDKN1A-T145	145	1	CDKN1A_T145	-0.35316941	-0.34884782	-0.39497447
P19838	NFKB1	NFkB-p105/p50	S	932	NFKB1-S932	932	-1	NFKB1_S932	0.32350048	0.33387845	0.28791895
P84022	SMAD3	Smad3	S	204	SMAD3-S204	204	-1	SMAD3_S204	-0.40783919	-0.38901788	-0.42807416
P00533	EGFR	EGFR	Y	1197	EGFR-Y1197	1197	0	EGFR_Y1197	0.09864196	0.14514555	0.11094758
P11831	SRF	SRF	S	77	SRF-S77	77	0	SRF_S77	-0.41629185	-0.42188197	-0.38437754
P19838	NFKB1	NFkB-p105/p50	S	907	NFKB1-S907	907	1	NFKB1_S907	0.14950246	0.15923126	0.19077024
P42575	CASP2	Caspase 2	S	157	CASP2-S157	157	-1	CASP2_S157	0.22682425	0.24587132	0.25046708
P28562	DUSP1	MKP-1	S	359	DUSP1-S359	359	1	DUSP1_S359	-0.05925167	-0.06372515	-0.07029015