gs_mouse	weeks	tissue	excelcol	excelrow	raw	up_mouse	up_human	expmean	expsd	zscore	zmean	tiss	gen	pval_t	pval_w	fc_med	fc_mean	fc_mean_lo	fc_mean_hi	fc_med_lo	fc_med_hi	medco	meanco	medtr	meantr	meantr_lo	meantr_hi	medtr_lo	medtr_hi	mean_out_ci	med_out_ci
Actr2	4w	TG BAT	S	4	2.32044846264591	P61161	P61160	2.549415300421876	0.6823513945091906	-0.3355556090577928	-0.4874691514413305	BAT	TG	0.723724970042208	1.0	-1.053112132465347	-1.0552630232857767	-1.5270228851945216	1.3451309671284897	-1.6234939938843749	1.3840445337235907	2.44369242877297	2.339296565040788	2.32044846264591	2.2167900451556717	1.5319328791479074	3.1466602509336683	1.505205709400986	3.3821791481449544	False	False
Actr2b	4w	TG BAT	S	4	1.93748371623274	P61161	P61160	1.5339240696427507	0.8081407115532094	0.4993680442287905	0.697644035351272	BAT	TG	0.525513019222331	0.7619047619047619	-1.1125699600859231	-1.087620934303669	-1.3997985096527958	1.2856114697192822	-1.4324152851402203	1.3018784354132962	2.34731253115284	2.281522681891052	2.1098111717590853	2.0977186167823803	1.62989363551827	2.9331517282638337	1.6387094968223963	3.0559155654832835	False	False
Adam10	4w	TG BAT	U	89	1.26021120530454	O35598	O14672	1.3242234084557565	0.5436652302963406	-0.11774194777239025	-0.5821523216387241	BAT	TG	0.6753786217810034	0.7301587301587302	1.3105452655044976	-1.1848808730477824	-3.801496695882992	1.7369457137545334	0.701979611631961	3.4245427978673084	0.728820735877033	1.1940369599490277	0.9551525648051497	1.00772743244449	0.31409654025009826	2.073977379647957	0.5116172971202796	2.495877801984045	False	False
Adam10	5w	TG BAT	R	4	0.647345405930579	O35598	O14672	1.007890760171317	0.3254169209089582	-1.1079490065656654	0.6016836295403064	BAT	TG	0.4555365598366744	0.5358197358197359	-1.1517907036744284	-1.11114968935256	-1.4764719024091866	1.3227097661877063	-1.7715830336401277	1.4355330904556765	1.31640293497693	1.3374784298165452	1.1429185274523899	1.2036887942576495	0.9058610784493474	1.769095781183743	0.7430658964215046	1.8897399735323552	False	False
Adam17	4w	TG BAT	U	87	0.6593647910601179	Q9Z0F8	P78536	1.152329415602531	0.4240409771439162	-1.1625400636106558	0.4352030188924309	BAT	TG	0.9196904667778096	1.0	1.0579765716453036	1.0347831196896495	-1.6396672911028392	1.3901201753391077	-3.3526831274822464	1.701731430625546	1.0898160082471977	1.29193577238737	1.15299980412954	1.3368733289896595	0.7879255623367439	1.7959459824379964	0.3250578616612698	1.8545741548331247	False	False
Adam17	5w	TG BAT	R	4	1.1011668751288501	Q9Z0F8	P78536	1.0769819393860356	0.6766197064634307	0.03574376494179372	0.9831633009244012	BAT	TG	0.11774809612298152	0.16491841491841494	-1.2491544306355782	-1.236324051707653	-1.4427685984412653	1.3068881585859455	-1.9514374605899527	1.4875572391145535	2.05165953629485	2.15393563587751	1.6424386656907999	1.7422096034631214	1.4929182948704134	2.8149529768846064	1.051358077175888	3.0519609954138125	False	False
Adam19	5w	TG BAT	R	4	0.8615570994065799	O35674	Q9H013	0.7272111125942217	0.2599908286364605	0.5167335613988576	-0.7893903469293106	BAT	TG	0.8251223642073662	0.6282051282051282	-1.1236493255199853	-1.0432643748063053	-1.6819835748412468	1.4054638731567968	-2.514520878352684	1.6023099236880782	0.534197394686214	0.5445598647839547	0.475412909128928	0.5219768621784472	0.32376051284291085	0.7653592167249985	0.21244500265839034	0.8559497867140375	False	False
Adiponectin	4w	TG BAT	S	4	1.38883538985797	Q60994	Q15848	0.8395840954814369	0.2585323270445336	2.1244975460338527	0.7400581937473485	BAT	TG	0.2217363673871064	0.6904761904761905	1.2242092503534845	1.2854204674721363	-1.7472012064895517	1.4276560728748673	-2.7865600773338826	1.6411345988431811	0.766753308151718	0.8020045491314383	0.938666492578469	1.0309130624593132	0.4590224332221088	1.1449866650407676	0.2751612335181842	1.2583453827852518	False	False
Adiponectin	5w	TG BAT	R	4	0.8257560186103241	Q60994	Q15848	0.8480664265515777	0.3397506481066244	-0.0656670062752964	-0.19573927288414952	BAT	TG	0.32619850835407826	0.5062633332925431	-1.0521806869245325	-1.057197769552706	-1.093536247449949	1.0855355711052734	-1.1143190115770578	1.1025909191078649	0.8170323098401641	0.8262675925271376	0.7765133118231865	0.7815638817292685	0.7555923221145495	0.8969428629397256	0.7332122142328396	0.9008524054474882	False	False
Alk7	4w	TG BAT	S	4	1.59380055964524	Q8K348	Q8NER5	0.7962473421276896	0.6019937582378373	1.3248529683300319	1.016530537931401	BAT	TG	0.22119348929044466	0.42063492063492064	1.112560692910095	1.17289288975106	-1.4281231122270817	1.2997802560309009	-1.4105999746551952	1.2910817964218109	1.26367182349455	1.200614645485169	1.4059115995580602	1.408192381020544	0.8406940796671756	1.5605352113031623	0.895839959024131	1.6315036879649691	False	False
Alpha1ar	4w	TG BAT	U	87	3.4957637128336203	P97718	P35348	1.087708976347424	1.1418199920122087	2.108961791991857	1.4059105338630065	BAT	TG	0.9527870552319218	0.5555555555555556	-1.074336039875064	-1.0081918189109134	-1.2371060250062609	1.1916618464493056	-1.2751421049905685	1.2157736803715722	2.65163340085804	2.7150663461662883	2.468160149562145	2.693005730892762	2.194691717027688	3.235440975304888	2.0794807029587132	3.2237860987573663	False	False
Alpha2ar	4w	TG BAT	U	89	0.22492272625031304	Q01338	P08913	0.8182404190451608	0.4988779057956	-1.1893044087583655	-1.165294527259587	BAT	TG	0.5192378491004158	0.7619047619047619	1.1962325396059843	1.1140495037435387	-1.284156350580727	1.2212786242518088	-2.554428346438066	1.6085229787735422	0.191769214154322	0.21264829332517726	0.2294005740660685	0.23690072565082426	0.16559377152868696	0.25970281512166765	0.07507324072007264	0.3084651875885714	False	False
Alpha2ar	5w	TG BAT	R	4	0.102989277364452	Q01338	P08913	0.6456670755945398	0.5228492193737343	-1.03792408618321	-0.8511742718716706	BAT	TG	0.5782235511060881	0.494230227976358	1.0781296229067163	1.130760901142344	-1.5301913453279885	1.346486958606046	-2.443624815265411	1.5907718755543139	0.1822819783110035	0.17743032306188136	0.1965236005391325	0.20063127199543015	0.11595303005968192	0.2389076160640808	0.07459491210446118	0.28996904451754585	False	False
Ang1	4w	TG BAT	S	4	1.9718260362828002	P21570	P03950	1.0796190179491745	0.6323574710011941	1.4109219219328886	1.6181254095631672	BAT	TG	0.001474053225439626	0.015873015873015872	1.190055934954727	1.2221404769206246	-1.1098718881283045	1.0989951086278913	-1.1333001993262346	1.1176212616970187	1.76626077489537	1.7206309335255616	2.1019491178419702	2.1028527097033103	1.550296887352689	1.8909649796984351	1.5585109540662223	1.974010595724517	False	False
Ang1	5w	TG BAT	R	4	1.2140180004848502	P21570	P03950	0.9935858140818536	0.662379205923878	0.33278850608774824	0.44574285146090253	BAT	TG	0.013411235225204687	0.03787409700722394	-1.2431547043947102	-1.3132611533437784	-1.1749447237768438	1.1488961312277624	-1.3747011165329281	1.2725691512333568	1.496434109967945	1.6925790530237328	1.20373924876595	1.2888366100787714	1.4405605802313497	1.9445975258161163	1.0885523347373387	1.904315885198552	False	False
Ang2	4w	TG BAT	S	4	1.11287001885303	Q64438	P03950	1.0876782307247683	0.5032930577560168	0.05005391538794842	-0.15595834968257344	BAT	TG	0.11465792208701273	0.2222222222222222	1.1795240970396157	1.1816902861579193	-1.2526878680028537	1.201716544445913	-1.3241066216209114	1.244773809245176	0.9278242854089771	0.8540185934096592	1.0943911024584498	1.009185476030444	0.6817489138545036	1.0262882729648148	0.7007172007592383	1.1549313700587156	False	False
Ang2	5w	TG BAT	R	4	0.384857330596798	Q64438	P03950	0.7283076934547458	0.2651178684645009	-1.2954629005096103	-1.112987759525855	BAT	TG	0.20376653120478325	0.29824561403508765	-1.176604101805068	-1.144187674784718	-1.1798282789453225	1.1524190275436317	-1.2334785007063094	1.1892846130456394	0.47560660120686005	0.4957018624079936	0.40421973752872	0.43323475102217057	0.4201474665882001	0.5712562582277869	0.3855815897354677	0.5656316126782522	False	False
Angptl4	4w	TG BAT	U	89	3.12277994961316	Q9Z1P8	Q9BY76	1.6127107403376029	0.9310239160044372	1.6219445959628391	1.4382471710108709	BAT	TG	0.2458665621305139	0.4761904761904762	1.5533691734301835	1.2810451055892944	-1.611172507628104	1.3793339972811756	-2.274206287114756	1.5602861509680013	1.9473324995905752	2.3041758957555283	3.0249262752827453	2.951753253674448	1.4301236427796504	3.178228148731406	0.8562690687400747	3.0383959304410757	False	False
Angptl4	5w	TG BAT	R	4	0.103525857454035	Q9Z1P8	Q9BY76	0.30038536655221937	0.5061875858859255	-0.3889062367138902	-0.4273546294765915	BAT	TG	0.0072088396030872935	0.03516902773868718	-6.268146275412695	-10.514782961339444	-1.9737140152919448	1.493340984432295	5.612709411545318	2.1781670716718398	0.5362331612766595	0.883912173862631	0.0855489227142125	0.08406375834028934	0.4478420718575511	1.3199822758677109	3.009720911080206	1.1680054146313146	False	True
Ap2	4w	TG BAT	S	4	1.68481591630071	P04117	P15090	0.8670990640282382	0.606665964194709	1.3478864820740564	0.7580776209698349	BAT	TG	0.3087169078769984	0.32900432900432897	1.3384438503798204	1.196186550180586	-1.8532695285677632	1.4604130783001563	-2.661232141012104	1.624234209188648	1.105456756429278	1.1093578628584309	1.47959179750359	1.3269989548883343	0.5985949942832983	1.6201207314335637	0.4153928322873995	1.795520680571156	False	False
Ap2	5w	TG BAT	R	4	1.14995779923958	P04117	P15090	0.8115860795780493	0.6122384934286003	0.5526795902142861	1.3483135547391305	BAT	TG	0.4072806303971348	0.9353475519355736	-1.0168984404384542	1.1106068262994404	-1.2690368429376215	1.2120008134002187	-1.2862259142352919	1.2225316027825979	1.3830057840766201	1.4740369861183518	1.36002350783458	1.637075539000895	1.161539946079254	1.7865340261574492	1.075243290288446	1.690768277864794	False	False
B2m	4w	TG BAT	S	4	57.2775327930127	P01887	P61769	66.07189542956226	62.08019553000207	-0.14166132309134602	-0.5486243266268482	BAT	TG	0.4934071625210325	0.20296731132644447	-1.5831048590252392	-1.1579787209649524	-1.4918127558857115	1.3296745881447534	-1.4317832372943442	1.3015702559210636	30.04451413370705	29.218803966951718	18.978221159782354	25.232591443997755	19.586106803064624	38.85150113083881	20.983982317381003	39.105045950033094	False	False
B2m	5w	TG BAT	R	4	45.1291049372587	P01887	P61769	89.53126053305195	86.42062668105824	-0.5137911781137936	-0.6664720082069671	BAT	TG	0.1581218811341595	0.07566572253071109	-1.2302607727234822	-1.3448312060564571	-1.3757255828859682	1.2731108496926975	-1.182104425765685	1.1540510481108557	46.03666913470475	42.94628610845935	37.4202528076965	31.93433191842249	31.217189418232326	54.67538279868637	38.94467200297081	53.12866626643871	False	False
Bace1	4w	TG BAT	U	87	1.56373174446471	P56818	P56817	2.1653726405533957	1.0817035514587232	-0.5561975786039963	-0.154795076900117	BAT	TG	0.967832382352172	1.0	1.0176492003681248	1.0094980621903649	-1.6947189817412045	1.4099316696314037	-2.7671764615645658	1.6386208057600349	1.8726184811757902	1.9791323341296867	1.905668699963115	1.9979302561222123	1.1678233119784072	2.7904413562809665	0.6767253578461737	3.068511604505406	False	False
Bace1	5w	TG BAT	R	4	1.26277417785755	P56818	P56817	1.7637033739340422	1.212908089581877	-0.41299847892776137	0.4772551137131941	BAT	TG	0.06541169708748533	0.07284382284382285	-1.4364954236949758	-1.4894919153918544	-1.4080698999149652	1.2898079846317352	-2.2156599439213776	1.5486672028604924	3.6054698252183903	3.489239019863857	2.50990693443655	2.3425699621510945	2.478029691618701	4.500448348109011	1.6272667812179076	5.583672869218872	False	False
Bdnf	5w	TG BAT	R	4	0.0157285132163197	P21237	P23560	0.1606673645771232	0.34205694586524155	-0.4237272568582902	-0.3185357836568765	BAT	TG	0.33612467193616113	0.4127477494014041	1.1875051518452655	1.343636277261522	-2.004141792536269	1.5010333082598482	-2.3936680398960735	1.5822311267340907	0.033987060944334554	0.03848510802049148	0.0403598099674763	0.05170998727066072	0.01920278703024702	0.057767429010735935	0.014198736156334437	0.053775385732334674	False	False
Beta3ar	4w	TG BAT	S	4	3.2543988316809305	P25962	P13945	1.3223197302748368	0.5843535672838691	3.3063528821883987	1.1107279816295679	BAT	TG	0.30285383311044844	0.42063492063492064	1.209688430187212	1.3168824544011128	-4.221095967811014	1.7630947015595615	7.711137327881152	2.1296825562144117	1.50116491301191	1.49700345845873	1.8159418270735	1.9713775886220868	0.3546480510925341	2.639358865824926	11.575688796031606	3.19700472924259	False	True
Beta3ar	5w	TG BAT	R	4	1.5330663930922	P25962	P13945	0.8251197388209494	0.404376480207683	1.7507117473985072	1.0458894950952928	BAT	TG	0.5942071747606353	0.39177343498248063	1.0661830963744523	1.0500579905669258	-1.1661947030498063	1.1425102537468037	-1.1713762115642714	1.1463033053534641	1.1594944114265902	1.1885561204671669	1.236233341803675	1.2480528515337743	1.0191746861470743	1.3579375547872594	0.9898565464960106	1.3291322763571694	False	False
Betaact	4w	TG BAT	S	4	61.448467440179	P60710	P60709	59.74995213479403	40.847730176991405	0.041581632517287706	-0.23699815067105676	BAT	TG	0.5166489855885074	0.34627910788901506	1.119173907346552	1.070159775202856	-1.2063298441323649	1.1710393265456882	-1.262325250740447	1.207811141056217	45.29715061113165	48.72586929657473	50.69538904112545	52.144465332986144	40.391829426735356	57.0599091664141	35.883898056037076	54.710403166226214	False	False
Betaactin	5w	TG BAT	R	4	75.92409531974641	P60710	P60709	73.90144396393292	46.16781985537635	0.043810848382045436	-0.5723726603956414	BAT	TG	0.7018008938460372	0.9397090781072476	1.1409037660460373	-1.0922892891142693	-1.4680315725421311	1.3188157402716207	-1.594661608027554	1.3729077097197409	53.59828543371779	51.85779508997955	61.1504857049391	47.47624608864446	35.3247137595137	68.39087642044541	33.61107156772516	73.58549929971045	False	False
Bk	4w	TG BAT	S	4	63.4872829620271	Q920M7	Q9BSW7	65.61460678710151	25.12204422538489	-0.08467956691696388	-0.4087845646096792	BAT	TG	0.8189385642297551	0.7713030004051677	1.054858719637466	1.0219134359670143	-1.1629856950618631	1.1401441958864276	-1.2626554190944332	1.2080182883805366	52.98716597320104	53.06266182838802	55.89397405570875	54.22544707060372	45.62623775485514	60.49908590192089	41.96486640132035	64.00946554508174	False	False
Bk	5w	TG BAT	R	4	76.3860523968957	Q920M7	Q9BSW7	78.3270320616151	45.38207651646763	-0.04276974113370675	-0.5509117637233019	BAT	TG	0.340407279524536	0.32241613459004764	-1.1612421108869118	-1.2372175223522517	-1.396321971450719	1.2838327975595465	-1.2617557124940904	1.2074535584837436	75.17842088073823	65.97525813978196	64.7396612437004	53.32551224650207	47.2493160522544	84.70120022730951	59.582389947840525	90.77445181363596	False	False
Bmp4	4w	TG BAT	S	4	1.5809361383373002	P21275	P12644	2.2043349528188387	1.1766373719733798	-0.5298138826204497	-0.5971473316268845	BAT	TG	0.7364276880048468	1.0	1.0056214760915818	-1.076035243061634	-1.5157934344789912	1.340279501643494	-3.1408984013808054	1.6816197558124202	1.45429056678949	1.6158919012031212	1.4624658264409098	1.5017090858524649	1.0660370103519652	2.165746792054277	0.4630173857741317	2.445563747804848	False	False
Bmp5	5w	TG BAT	R	4	3.0538164938465897	P49003	P22003	1.9289239146713562	1.9823939225694287	0.5674414990726131	0.4348907596532431	BAT	TG	0.053471221695533366	0.1508924082453494	-1.7363940018953194	-1.4016622387396784	-1.219358611327644	1.1798967172494117	-1.349029093829173	1.2587261426945702	4.31877935027304	3.9121075883214234	2.48721162683065	2.7910487135895465	3.2083322756558883	4.61588290098696	3.201398227827936	5.436160472718145	False	False
Bmp7	4w	TG BAT	S	4	1.62318351402223	P23359	P18075	1.0352360386598891	0.4056710126732365	1.4493208954910612	0.6817275552866731	BAT	TG	0.8049650638237328	0.8412698412698413	-1.074625015743499	-1.0379618292653603	-1.2091611234765438	1.1729803575516635	-1.7270856966555213	1.4209899358575624	1.36776603248014	1.3615912138346422	1.27278447127329	1.3117931463802837	1.1260626788263215	1.5971197488429625	0.7919502981981734	1.9435817667621067	False	False
Bmp7	5w	TG BAT	R	4	0.653500881575889	P23359	P18075	0.8112312610840032	0.9808667910094896	-0.16080713604931113	-0.24304632277920504	BAT	TG	0.020607072122666045	0.07574819401444788	-1.1964292592766086	-2.3219977126829763	-1.5526205224714218	1.3559276168730363	-3.7889502803626702	1.7360746576214554	0.7225675968081959	1.33012201112464	0.6039367486257221	0.5728351943929079	0.8566948535546766	1.803549168694604	0.19070390037924526	1.2544312932371466	False	False
Bmp8a	4w	TG BAT	U	87	0.43594754653859796	P34821	Q7Z5Y6	1.4439341020921848	1.080138305099439	-0.9332013787445396	-1.0366657177552063	BAT	TG	0.08112251060626881	0.031746031746031744	-1.5122300649975546	-1.6802917383390172	-1.3046192929111613	1.2334928622981085	-1.4648688119800632	1.3173450128627557	0.4746539008620661	0.5447367204420129	0.31387677830809	0.3241917507613826	0.4175445843871229	0.6719288564969031	0.3240248525876364	0.6252829491364956	False	False
Bmp8b	4w	TG BAT	S	4	4.81983240567832	P55105	P34820	1.1578045028212076	1.839762356383246	1.99048963587679	1.5811992155754098	BAT	TG	0.002883691470607589	0.012654012654012654	86.52039019446731	3.6823525992853305	4.912406472247264	2.2035662166088086	0.0671218285534872	16.898283040712048	0.04932849505878555	1.104412244055296	4.26792064019198	4.066835297579564	5.425321855726362	2.4336455102093724	0.0033110187881373442	0.8335668714757242	True	False
Bmp8btg	4w	TG BAT	S	4	10.675935929673301	P55105	P34820	64.03870252801549	228.4606098641509	-0.233575348634818	-0.2547284000752981	BAT	TG																		
Bmp8btg	5w	TG BAT	R	4	3.11549128823093	P55105	P34820	1.9415376935707156	3.223425383642096	0.3641944375749078	1.5221996169870546	BAT	TG																		
Bmp8btotal	5w	TG BAT	R	4	4.57403520303023	P55105	P34820	1.0506440245169286	1.9885096721545332	1.7718753033248948	2.513796962775585	BAT	TG	3.0190985748391687e-05	2.7193458341661332e-06	297.79233615634615	278.27959146709054	0.023670181733126138	44.24724639948632	0.0261744256820981	40.20523178409016	0.01909867324986	0.021738401896224818	5.687438524562526	6.04935359882887	0.0005145519234713754	0.96186442503332	0.0004998968036051357	0.7678665847792238	False	False
Bmp8btotal2	5w	TG BAT	R	4	5.04489683763624	P55105	P34820	1.1289845677100925	1.7134695365909252	2.2853702305773966	2.5409667991077702	BAT	TG	2.6353433776340182e-06	0.0003108003108003108	19.303800987272247	18.963922563346422	0.4605358391982898	4.171383668512793	0.2726996130368048	5.667038573556888	0.2777882072650485	0.2891202362356985	5.36236826965563	5.482853771470211	0.1331502306240152	1.2060314316701537	0.07575273662736645	1.5742364858502458	False	False
Bmpr2	4w	TG BAT	S	4	2.03638297882891	O35607	Q13873	1.6743407530365657	0.6570971831878045	0.5509721165383071	0.5973362185557137	BAT	TG	0.20621448818549315	0.42063492063492064	-1.118838084963463	-1.1237404645016351	-1.2241006811688764	1.1830737329178558	-1.3043505827717972	1.2333349536479985	2.27838283228513	2.3226015178168	2.03638297882891	2.06684869966558	1.8973941878694005	2.7478088477641993	1.7467564797214836	2.8100091848487763	False	False
Cd206	4w	TG BAT	S	4	0.764144423389869	Q61830	P22897	1.191808806162158	0.8788013172524319	-0.4866451316998246	-0.44820661866544015	BAT	TG	0.13551309803679445	0.12554112554112554	1.5897383765963964	1.5410830959646975	-2.1870904479347466	1.5427715388065946	-3.0003849581644038	1.6667094343081268	0.4806730683736085	0.5177684716463786	0.764144423389869	0.7979242392777108	0.23673848154533497	0.7987984617474222	0.1602037988710882	0.8011423378761287	False	False
Cd206	5w	TG BAT	R	4	0.16771282792764	Q61830	P22897	0.3968118950300129	0.32351421404750125	-0.7081576547629974	-0.6477074540849349	BAT	TG	0.006517193703154193	0.01085936767051318	-1.2907344205264382	-1.305082397672097	-1.1233366804838782	1.109794937374208	-1.1397626032886121	1.1226243104356541	0.241337408812079	0.24440190240777476	0.18697681333519198	0.18726932708901714	0.2175678108387758	0.2712359939767737	0.21174357547417028	0.2709312421499877	False	False
Cd31	4w	TG BAT	S	4	1.78350121827464	Q08481	P16284	0.9961968125612274	0.5917909043915828	1.3303759822446684	1.4758481051140486	BAT	TG	0.08210604306591009	0.09523809523809523	1.1772134275539663	1.2024104195839551	-1.2738128558876896	1.2149553245769968	-1.4928369984032623	1.3301345015767967	1.5702603916903999	1.554868676269596	1.84853161785409	1.869590297431274	1.2206413752874596	1.8890959772517324	1.0518632599339042	2.088657523446896	False	False
Cd31	5w	TG BAT	R	4	1.2423945491563102	Q08481	P16284	0.8591516449133098	0.3259352604601969	1.1758252350540075	0.41600902840308746	BAT	TG	0.002611241504221857	0.0067344599583124285	-1.262203476573997	-1.2591929417330785	-1.1070498813639962	1.0966983359702818	-1.2081996993848445	1.1723222572318543	1.24362890376398	1.252574190392982	0.985284010736182	0.9947436559396636	1.131452350502658	1.3736960302833063	1.0293239639085945	1.4579338436193656	False	False
Cd34	4w	TG BAT	S	4	0.760267965465211	Q64314	P28906	0.8793664195524472	0.44759539341496096	-0.2660850755825837	-0.4998860740083601	BAT	TG	0.4269562998479069	0.4761904761904762	1.184032577628941	1.1140735518780125	-1.3158781799984531	1.2400512333131206	-1.5850431412253734	1.3691023455507243	0.5717655473244645	0.5884887173641506	0.6769890347980081	0.655619715594015	0.4472212749700297	0.7297561597582715	0.3607255427019109	0.7828055519470182	False	False
Cd34	5w	TG BAT	R	4	0.42321414562223203	Q64314	P28906	0.8243322899041811	0.38563336927751796	-1.0401541366439364	-1.2042482346552512	BAT	TG	0.02621730409054916	0.11812022499867432	-1.2322952675898329	-1.4069321943551778	-1.2007614604490089	1.1671951233127824	-1.3505803430677306	1.2595775548394381	0.4558001826647335	0.5064027123627001	0.36987903358275803	0.3599339857275734	0.42173464842329095	0.5910707763021091	0.3374846857532529	0.5741156795762141	False	False
Cd36	4w	TG BAT	U	87	0.5711197154098969	Q08857	P16671	0.9945657444878814	0.4426648344214475	-0.9565838443693372	0.008075279768275778	BAT	TG	0.9649713633423876	1.0	-1.0156842005959141	-1.0117235342600532	-1.8080936926173272	1.4469313155158248	-3.7315568679612703	1.732015339606402	0.979990797252061	1.0098421198912184	0.964857774372279	0.998140386869412	0.5585120527849471	1.46117218699749	0.26262250099044515	1.6973590935136769	False	False
Cd36	5w	TG BAT	R	4	0.945660862061258	Q08857	P16671	1.0271822868435798	0.6819100986631159	-0.1195486398311808	0.9942743644002074	BAT	TG	0.4630516212554534	0.4634032634032634	-1.1372331164171474	-1.1137637153133195	-1.3348540323994869	1.2508544187393769	-1.3914803956993471	1.2813409350999818	1.85643615837441	1.8991765408654315	1.63241478952276	1.7051880167699325	1.4227597136231729	2.375593368107689	1.334144673623935	2.3787276431248845	False	False
Cdh5	4w	TG BAT	U	87	1.87375339132317	P55284	P33151	0.9730665756118604	0.4171760615491588	2.159008866344493	0.9448736823498171	BAT	TG	0.3021877896229138	0.32900432900432897	1.2007632151984708	1.1837919954192622	-1.4683599791172035	1.318968090780292	-2.9559041497543115	1.66169403697237	1.1018064348005223	1.1549708583658502	1.3230086371774399	1.367245257076008	0.7865720087660201	1.5233697079656807	0.3727476869952303	1.8308651826058149	False	False
Cdh5	5w	TG BAT	R	4	1.2570676917444	P55284	P33151	0.6257267088735399	0.41973382431768297	1.5041460713755068	1.1679664679280233	BAT	TG	0.2759785939451118	0.3822843822843822	1.2343089780733116	1.1729368696275293	-1.7380765688262791	1.424651354298333	-1.8666259479065528	1.4642740281621425	0.9233986643995544	0.9514252386713392	1.139759261809275	1.1159617411317857	0.5474012225559403	1.355449254786738	0.49468864687923103	1.3521086819198778	False	False
Collagen4a1	4w	TG BAT	S	4	1.01405510968636	P02463	P02462	0.7874068740253557	0.3448299954552109	0.6572752911526892	0.9448693648481392	BAT	TG	0.07038797675170101	0.11428571428571427	1.1021769303538271	1.1884840852529601	-1.1047363721590158	1.094806665914626	-1.1531926567792108	1.1328422062685235	0.992764346811594	0.9366773914980658	1.0942019603335251	1.1132261728117074	0.8478741309725254	1.0254806520236064	0.860883340676412	1.124645352946776	False	False
Cxcl10	4w	TG BAT	U	87	0.330763161187133	P17515	P02778	0.9196462815673618	0.4880883089566364	-1.2065093745823512	-1.0038589210579525	BAT	TG	0.5819007796742461	0.7857142857142857	-1.1697087119041285	1.1476734350522655	-1.7685532291505366	1.4345660715678232	-2.5733514655855942	1.6114017018765687	0.43691778004538107	0.3743874043207986	0.373526994882459	0.4296744783571523	0.21169134078063492	0.5370834678609623	0.1697855057455028	0.7040500543452592	False	False
Cxcl10	5w	TG BAT	R	4	0.19445214067911498	P17515	P02778	0.4499560411426475	0.3448255134328233	-0.7409657653226642	-0.7539284233970424	BAT	TG	0.4860390168803544	0.7788655788655791	-1.002637518785087	-1.143819723452852	-1.6688331347481806	1.400778916011339	-2.8806326129718047	1.6528540309177606	0.1949650118529565	0.21730548520797816	0.19445214067911498	0.18998228545316345	0.1302140284030066	0.3043969420129497	0.06768131797682482	0.3222487057290881	False	False
Cxcl12	5w	TG BAT	R	4	1.63529126332151	P40224	P48061	0.7283493292673093	0.3138913962706683	2.889349452802922	0.8104088555756246	BAT	TG	0.2217773317166824	0.4135864135864136	1.064647176161733	1.2406624600946632	-1.8797576892036942	1.4680165397149556	-2.6487135018336154	1.622458223848018	0.8206007240200555	0.7921007752737791	0.8736502435842259	0.9827296964940564	0.4213845113246112	1.1628170392229469	0.3098110548581344	1.3313903931819766	False	False
Dio2	4w	TG BAT	S	4	2.84292267858964	Q9Z1Y9	Q92813	1.0359656853241002	1.07244648949691	1.6848924500775722	1.2326051525414634	BAT	TG	0.10219730739292024	0.1507936507936508	1.9512313590104569	1.6104999682455197	-2.859803886266147	1.6503256727489686	7.284158121949774	2.1372842246500166	1.3529716139918202	1.464060105925777	2.63996064107183	2.357868754102996	0.5119442325946698	2.416175979256884	9.855259170826011	2.891684886983989	False	True
Dio2	5w	TG BAT	R	4	1.8538081297528501	Q9Z1Y9	Q92813	0.4016558702219014	0.6820618494579512	2.129062431339628	0.9803658788122204	BAT	TG	0.4877820947573139	0.8809755925114653	1.2053581473248551	-1.1804434832014146	-1.5600999566140707	1.3590154299021144	-1.6618946363295697	1.398277136143491	0.9127819841783076	1.263459392527053	1.1002292013606698	1.070326034670034	0.8098579755550886	1.7170608094990172	0.5492417895963979	1.2763221787602173	False	False
Egfr	4w	TG BAT	S	4	0.34973011804461895	Q01279	P00533	0.7312753602298928	0.4632567061558391	-0.8236151514165504	-0.8400016344634625	BAT	TG	0.3721966941227498	0.42063492063492064	-1.0585829059335603	-1.0880488660003556	-1.2116314777038704	1.1746665397839675	-1.2927266778456852	1.226441275532049	0.37021832465216	0.3722639181955408	0.34973011804461895	0.342138969882828	0.3072418677179037	0.4372859686731778	0.28638561499258663	0.4540510343117333	False	False
Elovl3	4w	TG BAT	S	6	1.1035206799834298	O35949	Q9HB03	0.5814245539250733	0.8108755329711288	0.6438671594213041	1.025017586679431	BAT	TG	0.4627714719067793	0.7301587301587302	-1.1001872561766977	-1.2441831536300647	-1.6353639207793078	1.3885153100825014	11.79042758245505	2.084814566139066	1.47064869711189	1.7575159976675718	1.33672580631646	1.4125862358285377	1.074694124858799	2.4403378704763456	17.33957696252961	3.066029825412308	False	True
Elovl3	5w	TG BAT	R	4	2.8599931462486405	O35949	Q9HB03	0.933166200072252	1.3017412030077005	1.4801920241323037	1.6012093724867604	BAT	TG	0.1358773087869891	0.13582860507076416	1.1765274332551674	1.2833295238025173	-1.4881877879773906	1.3280417914468248	-1.321423040532041	1.2432400757917974	2.446941574110495	2.351326264153429	2.8788938895135803	3.0175264148803724	1.5799929841845683	3.12265954412229	1.8517473201657584	3.042135828055232	False	False
Elovl6	4w	TG BAT	S	6	2.27179061820162	Q920L5	Q9H5J4	1.3835898628851189	1.0332125150702864	0.8596496290563024	0.7622131035820112	BAT	TG	0.07100277896014594	0.1111111111111111	-1.1967166859904828	-1.1926141431787411	-1.1605956065028369	1.1383734399846226	-1.350097425484324	1.2593127124575714	2.63257013517342	2.58930601024075	2.19982738269796	2.171117980656617	2.2310148304308792	2.947597190050621	1.9499112326868049	3.315229037660034	False	False
Erbb3	5w	TG BAT	R	6	0.0128712489151131	Q61526	P21860	0.4552665833542829	0.6547339665855116	-0.6756871600022459	-0.6651726722845048	BAT	TG	0.9369932138667696	0.7545787545787546	-1.1942509951753155	-1.0171537018112249	-1.249910245164824	1.199942552780555	-1.8308767110768118	1.4538135779705998	0.02045145367957695	0.02009432011206085	0.0171249207764526	0.019755441165164426	0.016076610452465757	0.02411202977165594	0.011170306310548148	0.029732601048605763	False	False
Erbb4	4w	TG BAT	U	87	2.11617764072223	Q61527	Q15303	0.7358855264494112	1.1926021251329928	1.1573785466120108	1.2234414415221757	BAT	TG	0.6207671594672678	0.6857142857142857	1.0497425984863358	-1.2026003907792382	-1.326526225838324	1.2461513534208262	-1.0804711053049594	1.074477794833992	2.029337736029285	2.639665032660868	2.13028226822576	2.19496438958453	1.9899079122937655	3.289422153027969	1.8781971364764176	2.1804783355821518	False	False
Erbb4	5w	TG BAT	R	4	2.7864558569559903	Q61527	Q15303	1.4036844568643192	1.9031689435170276	0.7265626127422666	1.1850672963033468	BAT	TG	0.6453146762416573	0.5845717234262127	-1.1850946333439059	-1.086414644686007	-1.3023349924666077	1.2321484059135879	-1.3878529814177951	1.2794625847339929	3.9454675045059897	3.9752647690373313	3.3292425714335696	3.6590677311665396	3.0524133898208667	4.898116148253795	2.8428569577127694	5.0480780512992105	False	False
Erbb42	5w	TG BAT	R	4	0.0978738657108274	Q61527	Q15303	0.21161652562708871	0.4597541602528867	-0.24739887041739314	-0.3228232077908967	BAT	TG	0.7434546511773806	0.7307692307692307	1.1805841222269216	1.066210884711322	-1.6859556346323523	1.40686458204574	-2.0700318114449807	1.5169156365273668	0.06176180424331915	0.05927271398673874	0.0729150054497499	0.06319721281904186	0.035156745983807594	0.08338868198966988	0.029836161889805195	0.09368744659683308	False	False
F480	4w	TG BAT	S	4	0.7038161794479839	Q61549	Q14246	1.1557389386515473	0.5334628770940579	-0.8471494055318906	-0.805098595172764	BAT	TG	0.6039634226781536	0.6095238095238095	1.0846479499297756	1.0638470575101262	-1.2056594101963611	1.1705783643847365	-1.2672625879050838	1.2108975601867145	0.6920778552111639	0.682662719795498	0.7506608268465851	0.7262487257263003	0.5662152296263464	0.7991102099646495	0.5461203240878754	0.8380353863344526	False	False
F480	5w	TG BAT	R	6	0.21514771114358203	Q61549	Q14246	0.5605837578703078	0.3083093590021968	-1.1204202423328462	-1.0130245905517143	BAT	TG	0.015710382063530554	0.032809295967190705	-1.2079838329841122	-1.468889648215249	-1.2519455232849532	1.2012431999627895	-1.2441083777784494	1.1962115054753857	0.3123727020379595	0.36466477508776346	0.258590134659582	0.24825879570384585	0.2912784688353909	0.438051081340136	0.2510815839016774	0.3736638201742417	False	False
Fas	5w	TG BAT	R	4	2.45833191522022	P25446	P25445	0.5719329779031109	0.8217182274069479	2.2956761507772763	1.626266479884212	BAT	TG	0.5464832938792508	1.0	1.0182887812557728	-1.0890074169468495	-1.2502712814323202	1.2001735824449296	-1.493612466822009	1.3304822889382268	1.9681253956850249	2.078115595597817	2.00412001053064	1.9082657870449031	1.6621317520923231	2.4940994391033104	1.3176948100015844	2.6185559813684653	False	False
Fgf1	4w	TG BAT	U	87	0.8828329900003399	P61148	P05230	1.0530832158058006	1.3036280594151102	-0.13059723943180968	-0.3955220173580537	BAT	TG	0.3575724790322292	0.2222222222222222	1.2348290884455029	1.2840800713928449	-1.5219713499986829	1.3429574084946698	-3.058012432102605	1.6729902110592705	0.454365505849833	0.4185639414825408	0.5610637434096291	0.5374696158613715	0.27501433682237386	0.5621135461427077	0.1485819681699017	0.7601490435297642	False	False
Fgf1	5w	TG BAT	R	4	0.287673989843933	P61148	P05230	0.38702350527378176	0.3692510980364183	-0.2690567907804845	-0.14073813382646444	BAT	TG	0.9184260778515296	0.3822843822843822	-1.1349080084802399	-1.0304706154740146	-2.155585314511544	1.5360888788451408	-1.7895294873087235	1.4411938964448685	0.287071100206492	0.3452651511091481	0.2529465807461435	0.3350557948227634	0.16017234334674674	0.5303579588715495	0.16041708294967447	0.4137251174633094	False	False
Fgf2	4w	TG BAT	S	4	1.2622111385860502	P15655	P09038	1.5423570166643552	1.2362063474097122	-0.2266174078990205	-0.6529645523410132	BAT	TG	0.5618779640055571	0.5367965367965368	1.4963919957837384	1.2413996759953771	-9.088307136764179	1.8899685073411765	1.6753336651533903	2.5968960218491413	0.493257128408089	0.592200970116566	0.7381060188131359	0.7351580924268531	0.06516075669592902	1.119241183537203	0.8263702727989602	1.2809374745116973	False	True
Fgf2	5w	TG BAT	R	4	0.22963157509068602	P15655	P09038	0.6341340518186899	0.5360070393764982	-0.7546588888058916	-0.7874673315141467	BAT	TG	0.6986470230127445	0.8499926286303995	-1.1257946765417095	-1.0707508062617106	-1.3455485028572225	1.2568086561899947	-1.3290930617383074	1.2476072377564669	0.22440230865126698	0.2270484456461683	0.1993279177164	0.21204601884808064	0.16874043942974876	0.2853564518625878	0.1688386728599527	0.2799659444425813	False	False
Fgfr1	4w	TG BAT	S	4	0.8424160731583591	P16092	P11362	0.8207068244345769	0.2730206178684217	0.07951505235492712	0.4090037751131144	BAT	TG	0.1171196996830376	0.05555555555555555	1.1411167284398798	1.275283272478746	-1.2590588420689517	1.205755945165559	-1.3135355721067117	1.2386959125924912	0.767944417488703	0.7311107327662494	0.876314221308378	0.9323732878264764	0.5806803529252452	0.8815411126072535	0.5846392239359279	0.951249611041478	False	False
Fgfr2	4w	TG BAT	S	4	1.20857349925025	P21803	P21802	0.7253281954194369	0.3708711025739207	1.303000693440369	0.5836854989290973	BAT	TG	0.8583447013079086	1.0	-1.0101977026951483	1.0592895513349458	-1.9268622736780223	1.4810215480055118	-1.7172834811093571	1.41768495941392	0.9005833240699309	0.889086726831958	0.8914921521472751	0.9418002799636804	0.461416853180096	1.31675660048382	0.5244232149069287	1.2767434332329333	False	False
Fgfr3	4w	TG BAT	S	4	0.643046336301248	Q61851	P22607	0.593152526085025	0.2076442637413433	0.24028503998730394	1.184862155304356	BAT	TG	0.010818782979137449	0.031746031746031744	1.608370863993516	1.6325686077372112	-1.77687961280801	1.437215671342137	-2.586755226108864	1.6134152973166105	0.539021316965043	0.5140257824271844	0.866946181277989	0.8391823559581791	0.2892856548761159	0.738765909978253	0.20837739555894036	0.8696652383711456	False	False
Fgfr4	4w	TG BAT	S	4	0.37248089143124297	Q03142	P22455	0.7274458995605415	0.4024793006158901	-0.8819459971882199	-0.4400973470692563	BAT	TG	0.28098533181199226	0.5476190476190477	1.016710608989322	-1.3321162647745637	-1.127194575905463	1.1128417210518324	-3.120915940295166	1.6795812450157104	0.5412548513383622	0.73308466405503	0.550299549522651	0.5503158271091986	0.6503621288863559	0.815807199223704	0.17342820559504465	0.9090814970816794	False	False
Glut4	4w	TG BAT	S	6	1.15842030507268	P14142	P14672	0.7546384044260954	0.4545854557216618	0.8882420138268047	1.0856339269083226	BAT	TG	0.5690513606802616	0.6095238095238095	-1.1160292487524728	-1.0661532726132317	-1.1601624518980296	1.138051745801636	-1.32878954332058	1.247435378290945	1.3637151332687751	1.3307211239815933	1.22193494013994	1.2481517978366126	1.1470127496408191	1.5144294983223676	1.0262837633873292	1.7011465031502209	False	False
Glut4	5w	TG BAT	R	4	2.36174145062964	P14142	P14672	0.8353348793525613	0.8464324437667272	1.8033412855542068	0.4017784406066271	BAT	TG	0.04287859044728198	0.019412050237194937	-2.8499321393489736	-1.725024065641194	-1.4244278675558204	1.297963748971085	-1.9093939970734204	1.4762736231847764	2.39829322091362	2.027616034108829	0.8415264306824779	1.1754131866880135	1.4234599591118793	2.6317721091057797	1.2560494191296026	3.5405370226976367	False	False
Lpl	4w	TG BAT	U	87	0.40328072179495605	P11152	P06858	0.7353087669775618	0.3725237417412505	-0.8912936491796208	-0.8204385885859206	BAT	TG	0.6298749198890441	0.6857142857142857	1.0503535900102887	-1.1167001355422996	-1.2067409681322452	1.1713217447587214	-1.1162861889759559	1.1041723799186598	0.3963749052530575	0.4798191515020282	0.416333804722537	0.42967591408862427	0.3976156972980514	0.562022605706005	0.3550835880328133	0.4376662224733018	False	False
Lpl	5w	TG BAT	R	4	0.662267966194579	P11152	P06858	0.7624617353684568	0.4010965060596479	-0.24979965584386785	0.3656353515512931	BAT	TG	0.16933682560702995	0.09731934731934733	-1.2409180218470837	-1.1679962092588545	-1.3323273293125597	1.2494336954598315	-1.5658358038051847	1.3613634344227727	1.1163150997466	1.0618449730988735	0.899588111457182	0.9091167973675716	0.7969850574533761	1.3267048887443709	0.7129196414041684	1.5197105580890318	False	False
Lr11	4w	TG BAT	S	4	1.85393849995915	O88307	Q92673	1.19386420805389	0.5171799849518531	1.2762951218359884	1.0307778966720351	BAT	TG	0.1877220685643132	0.12554112554112554	1.1010958412406526	1.1794024335204198	-1.2231203875262062	1.1824189914596006	-1.4156811366261426	1.293626245255196	1.533645080187515	1.4642685618246485	1.68869021973366	1.726961905143436	1.1971581675505962	1.7313789560987003	1.0833266337379508	1.9839635266370792	False	False
Lr11	5w	TG BAT	R	4	0.896848767912677	O88307	Q92673	0.8609801019234402	0.27134724241454883	0.13218732451475834	0.7393925552396386	BAT	TG	0.6589313770159186	0.6275644315003582	1.037532405480328	1.045960976560064	-1.1721573503257745	1.1468722183740323	-1.293950490776012	1.22717290411917	0.9676503630429358	1.0149635183723322	1.00396860883185	1.0616122328495632	0.8658935748602746	1.1640334618843895	0.747826419898503	1.1874743061873692	False	False
Mcam	4w	TG BAT	S	4	2.94898457121134	Q8R2Y2	P43121	2.212651895373766	0.4875363347520645	1.5103134337916253	0.6051845109651895	BAT	TG	0.8806218440906499	0.9047619047619048	-1.0540359364456249	-1.0193855029067216	-1.3008199009444368	1.2312540734701491	-1.3095030741691278	1.2363515445471602	2.57265413395205	2.5563143851920564	2.4407651058155047	2.507701333698455	1.9651562705460532	3.1474724998380585	1.964603355806846	3.1807049120972537	False	False
Mcam	5w	TG BAT	R	4	0.32687516101149	Q8R2Y2	P43121	0.3369758562861466	0.20371896359224373	-0.04958151708877627	-0.30514102231129936	BAT	TG	0.0015495848978850527	0.0024841224195107626	-1.2729746820292112	-1.535749754016264	-1.1810163802989362	1.1532716931945666	-1.2659123785268325	1.2100559114812357	0.38008417767478603	0.4220437567617295	0.2985795263963185	0.274812843471411	0.3573563955606634	0.4867311179627956	0.300245249293713	0.459923106055859	False	False
Ng2	4w	TG BAT	S	4	0.869298290437804	Q8VHY0	Q6UVK1	0.7480238696989329	0.2522630354741209	0.4807459028269422	0.5877875840404047	BAT	TG	0.5153155863388247	0.5555555555555556	1.0001730933644135	1.0430485333585793	-1.1238548922281797	1.1102054127135774	-1.1410260841393105	1.123595845966736	0.886596376767482	0.859308959456477	0.8867498407172135	0.8963009498629653	0.7646084609311012	0.9540094579818528	0.7770167475498619	0.996176005985102	False	False
Ng2	5w	TG BAT	R	4	1.16545541334353	Q8VHY0	Q6UVK1	0.6998047660518676	0.4278217223890992	1.088422169616152	0.8663337600689709	BAT	TG	0.013050880339398215	0.015905453784037713	-1.1720377934378674	-1.2198393296614922	-1.122674233019343	1.1092696611459771	-1.1629681056318455	1.1401311909094054	1.3106991878958998	1.3057662361423206	1.11830795494342	1.0704411674483991	1.1630856019831914	1.4484468703014497	1.1270293497720572	1.494369026019743	False	False
Ngf	4w	TG BAT	S	6	0.678606402806742	P01139	P01138	1.4516733166581282	0.4148437387889885	-1.8635135150119957	-1.1262832987033349	BAT	TG	0.6168899237939274	0.7301587301587302	-1.0470027145400305	-1.0877359603368832	-1.3747358459479129	1.272587528034903	-1.962720651016616	1.4905031444581591	1.08156974565041	1.0708126837262857	1.0330152258731875	0.9844417420884416	0.7789225012809169	1.3627028661716543	0.5510563844580723	1.612083106842748	False	False
Ngf	5w	TG BAT	R	4	0.927650536755818	P01139	P01138	0.6417234319116109	0.4380728796404396	0.6526930064214195	0.5966989361420697	BAT	TG	0.5193551466236508	0.4129350584037519	-1.1418084703763292	-1.0853737637350986	-1.2612245447249228	1.2071197756319412	-1.2318942960983508	1.1882420405978056	0.925583858514394	0.9802238965612132	0.8106297006268754	0.903121053145754	0.7772001430363877	1.1832476500860387	0.751350064243254	1.099817652785534	False	False
Ngfr	4w	TG BAT	S	6	2.30854662584127	Q9Z0W1	P08138	2.0919211091588603	0.6937609687411508	0.3122480601286686	0.027116360057857083	BAT	TG	0.057651022109861325	0.06349206349206349	1.43627932896961	1.2973379916190542	-1.326966731140251	1.24640160409997	-1.7546921525868733	1.4300994630164958	1.54789414536021	1.6269726123931483	2.22320836441395	2.1107333813813325	1.2260839508727581	2.027861273913538	0.8821457046344059	2.213642586086014	False	False
Nrg2	4w	TG BAT	U	87	0.0879519803131535	P56974	O14511	0.2556238844008263	0.1206729550898806	-1.3894737554308343	-1.1259338692791343	BAT	TG	0.12827204160977326	0.06349206349206349	-2.205515849286272	-1.7847361854184556	-1.6100435996114353	1.378898807310971	-5.576331086269689	1.8206706193500155	0.21538802945309	0.2137295062467402	0.09765879919783477	0.11975411715912986	0.1327476512426876	0.2947113612507928	0.038625401921243314	0.3921506569849367	False	False
Nrg2	5w	TG BAT	R	4	0.0183632216596488	P56974	O14511	0.021628732896516952	0.03777063097424549	-0.08645635915097086	0.3192226751530216	BAT	TG	0.6685197598386188	0.7103729603729605	-1.7352065588821517	-1.389249196477388	1.8246119200843445	2.548061748908104	0.6275062034116391	3.5936097437175585	0.0287293354640048	0.04679821336557193	0.016556723645923	0.033685974758333175	0.08538857794547303	0.11924473739405385	0.01802783622355701	0.10324201985397803	True	False
Nrg4	5w	TG BAT	R	4	1.82378683762232	Q9WTX4	Q8WWG1	0.8656955342803967	1.2109848359302768	0.7911670525633948	1.7533462430746596	BAT	TG	0.07450337556113443	0.009425373553386449	1.3430825290956303	1.5643341893695384	-1.911858987392844	1.4769488719648325	-1.5665079188660949	1.3616374434137286	1.55249308185301	1.9106986647039608	2.08512633477861	2.9889712467791307	0.9993930919086952	2.822004237499227	0.9910534528141872	2.113932710891833	False	False
Nrg4mix	4w	TG BAT	S	4	2.1682550709361204	Q9WTX4	Q8WWG1	0.9380208879645052	0.6335198138770436	1.9419032459975811	1.336071681297731	BAT	TG	0.8115959723778409	0.9142857142857144	-1.004822683695077	1.0285394377736536	-1.249250659634607	1.1995201345000772	-1.354624712365485	1.2617881610518011	1.794517554348145	1.7349347096395231	1.7859047008663151	1.7844487708266326	1.3887803030233936	2.081089116255653	1.324734103820169	2.2643010048761214	False	False
Nrp1	4w	TG BAT	S	4	2.26599660610158	P97333	O14786	1.3388864622181509	0.6599485788413177	1.4048217900721467	1.0293398922042831	BAT	TG	0.33945268824117386	0.6095238095238095	1.041214620593646	1.1199716640234287	-1.263154708904718	1.2083313366522612	-1.3260388841173534	1.2458743012912277	1.91677700786524	1.8020079668558684	1.99577624500703	2.0181978612230425	1.426593238462761	2.1774226952489752	1.4454908003252842	2.388063215405196	False	False
Nrp1	5w	TG BAT	R	4	2.2447528569911803	P97333	O14786	0.8970827991664749	0.6230591423160955	2.1629889785663297	1.3034454369950392	BAT	TG	0.9751368788415676	0.9284390547010011	-1.0579919286645099	1.0028878617218957	-1.1519470352360115	1.1319045325767785	-1.3127040546425572	1.238213673170763	1.677527626375455	1.7042846567729235	1.585576960396075	1.7092063951964325	1.4794817857435159	1.929087527802332	1.2779176086511268	2.0771376440997837	False	False
Nrp2	4w	TG BAT	S	4	2.30233376405168	O35375	O60462	1.2113407919083956	0.8501728965623215	1.2832601186825885	0.9898561877589656	BAT	TG	0.9817944050845208	0.9047619047619048	-1.033161566024524	1.0024453838835845	-1.2727082909049612	1.2142739957410442	-1.3571188489764765	1.263144859601509	2.15030621649854	2.0478818369958978	2.081287464817965	2.0528896942355725	1.6090740129772771	2.4866896610145184	1.58446418905778	2.7161482439393003	False	False
Nrp2	5w	TG BAT	R	4	2.17162526131427	O35375	O60462	1.002633904103587	0.9939788016628656	1.1760727243428453	0.766582424520143	BAT	TG	0.0124457893897015	0.05555164649591893	-1.2214420358990885	-1.3796432918228705	-1.1545813104796048	1.1338851660567697	-1.2842711159184608	1.2213482125346726	2.29643315364525	2.4345193581918165	1.88009998522351	1.7646005838039327	2.1085733296518847	2.7604653867317483	1.7881217798805122	2.8047445274099867	False	False
Nt3	4w	TG BAT	S	4	1.4604692036956102	P20181	P20783	1.0143768614259363	0.5155027778167242	0.8653539058683252	1.1853815666018497	BAT	TG	0.2156656644868223	0.30952380952380953	1.300904125445049	1.1591054209517215	-1.2146818759657787	1.1767391777333367	-1.538545724524998	1.35003556666557	1.33276842048896	1.402326589454914	1.73380393647697	1.62544435178193	1.154480541121058	1.6501726377887698	0.86625207118913	1.7992847697887902	False	False
Nt3	5w	TG BAT	R	4	1.1009904529126298	P20181	P20783	0.6483678043097217	0.462121124339118	0.9794459174533656	0.8112488580774442	BAT	TG	0.22119670775722036	0.451522901650779	-1.0131152271252002	-1.1387933725742785	-1.1622150202344967	1.139574018069193	-1.2197467680835914	1.180157696526507	1.0700211157125	1.1652851668983062	1.0561692165547398	1.0232630387232955	1.00264163395788	1.3279286998387323	0.8772485762710128	1.2627936551539871	False	False
Pdgfa	4w	TG BAT	U	87	0.5046643516202	P20033	P04085	0.5543526852525129	0.2761580152288775	-0.17992718259917884	-0.3728356322762869	BAT	TG	0.133115550169402	0.2571428571428571	-1.1327151000522486	-1.1317794260842513	-1.14637036265202	1.1276815655922978	-1.3388324426021592	1.25308054377858	0.5061807610062915	0.5108752020146763	0.4468738529070045	0.45139113703649	0.445645856399161	0.5761045476301916	0.3780762587605637	0.6342852632520193	False	False
Pdgfa	5w	TG BAT	R	4	0.5542095830765771	P20033	P04085	0.4066404675948077	0.17860573250907202	0.8262283265419477	-0.05071366568628799	BAT	TG	0.03568226357975194	0.05303030303030303	-1.4072617824447209	-1.2861972500837813	-1.3334031224652	1.250039254332031	-1.500610913111195	1.33360473973449	0.5304784132877071	0.5113697962401585	0.376957876569454	0.397582716186688	0.3835072737003469	0.6392323187799702	0.3535083002880964	0.7074485262873176	False	False
Pdgfc	4w	TG BAT	U	87	12.47233336852	Q8CI19	Q9NRA1	4.8311905323896704	3.781119252680092	2.0208679825991247	0.9969330062647058	BAT	TG	0.5685984850632549	0.9047619047619048	1.1596827570991113	1.311418043306681	10.145590525950347	2.098564987167795	1.144748279338412	2.8735544905801764	5.155890519749431	6.5583306253153895	5.979197333244191	8.600713116009393	66.53813705824984	13.763083024557151	5.902196800940392	14.815732355965734	True	True
Pdgfc	5w	TG BAT	R	4	0.422433851554973	Q8CI19	Q9NRA1	0.9706933811617612	0.490583634298641	-1.1175658772037986	-0.6269520723236126	BAT	TG	0.047335534871749935	0.05927405927405927	-1.5897472930483474	-1.4381787688488672	-1.145386569015565	1.1269323152099828	-1.253377808836313	1.202155971687068	0.8974190763166809	0.9536864786456608	0.5645042329940855	0.663120954990179	0.8326328459267109	1.0747401113646105	0.7160004509333713	1.0788377016999906	False	False
Pdgfra	4w	TG BAT	U	87	1.12103463600006	P26618	P16234	17855839.54114886	48511278.0856051	-0.36807602530292105	-0.3680760159457629	BAT	TG	0.3414434425486863	0.4857142857142857	-1.0210620445913687	-1.3226385221920245	-1.3194300687139835	1.242097005584634	-1.2683594653475858	1.211579976086703	1.7280451535316799	2.0831058648228726	1.6923997544373002	1.5749623422206975	1.5787921726334653	2.5874195570122795	1.3624254012707038	2.093664905792656	False	False
Pdgfra	5w	TG BAT	R	4	0.39114765430777604	P26618	P16234	0.930354859070618	0.5311542291301644	-1.0151612755599542	-0.6155251544669562	BAT	TG	0.0006939929982889409	0.0003108003108003108	-1.5761154135242477	-1.6835824104178216	-1.1508302243968027	1.131062098647834	-1.569458513220383	1.3628375700431274	0.9932927579100039	1.0159006818503027	0.6302157503104215	0.6034160701394964	0.8827546064692364	1.1490467572313692	0.6328888272885018	1.3536966885315065	False	False
Pdgfrb	5w	TG BAT	R	4	1.0190437558901602	P05622	P09619	0.6548899101303282	0.4015837328789357	0.9067943144739188	0.28739152481508146	BAT	TG	0.007898337307154541	0.027375654512550463	-1.3246849864274424	-1.419353963124253	-1.1969026455680938	1.164510159867377	-1.4354470573307088	1.3033529206855219	1.0780799041816649	1.0933307301927249	0.8138386976734375	0.7703016714633378	0.9134667169808036	1.2731947434046462	0.7510412165157889	1.4051185918475408	False	False
Pdgfrbeta	4w	TG BAT	S	4	2.4688502416894202	P05622	P09619	1.6876104282662214	0.6085259700534611	1.2838232908195584	1.497428169697527	BAT	TG	0.10193223159757793	0.19047619047619047	1.2138439162598735	1.133823163770065	-1.2047940341737535	1.169982609777945	-1.4042501775910772	1.2878761804997945	2.15067734368244	2.292098486659442	2.610586609466875	2.5988343578167874	1.9024816040289911	2.6817153692898934	1.5315485644956954	2.769806122869184	False	False
Pgc1a	4w	TG BAT	S	4	2.24043186191099	O70343	Q9UBK2	0.7803797897496679	0.6687171711984392	2.183362615834576	1.5326976028690174	BAT	TG	0.5812836270669994	0.8412698412698413	-1.0144373188637938	1.1295287495824764	-1.8784086068257373	1.4676344665552463	-2.674689712903609	1.6261248565859203	1.47997278453163	1.598295745646308	1.45891003516043	1.805320995042866	0.8508775672334771	2.34571392405914	0.5533250370656978	2.406620531997562	False	False
Pgc1a	5w	TG BAT	R	4	0.252057771771158	O70343	Q9UBK2	0.09144712365406032	0.14456462509945986	1.1109955011926207	2.188683924684303	BAT	TG	0.0029304337491790084	0.002525252525252525	2.3231893922051565	2.5639227500939237	-11.786702367479302	1.9151586280180368	141.56611333378038	2.007063837358042	0.19411446781844002	0.15907397938269402	0.45096467250934896	0.407853394687261	0.013496054657458316	0.3046519041079297	27.480030750911737	0.3896001286663923	False	True
Ppara	4w	TG BAT	S	4	3.37476160960482	P23204	Q07869	0.9800156842582358	1.0549135839584682	2.2700872960233536	1.0385128807212398	BAT	TG	0.5405205152745305	0.6904761904761905	-1.2714867044243074	1.2079411511103977	-5.485648088506272	1.8177061335569016	9.004023995170382	2.1110614543604487	1.6018719957041898	1.718260055416574	1.25984171924902	2.075557029246912	0.3132282690566197	3.1232918417765285	14.423293886511994	3.3816502249505622	False	True
Ppara	5w	TG BAT	R	4	2.61847851539797	P23204	Q07869	0.9738034362516824	1.2914310259789687	1.273529167304574	1.2493392254450328	BAT	TG	0.12975716756827196	0.29824561403508765	-1.071296090053249	-1.1230216966384097	-1.1222746956300154	1.1089525551151926	-1.1607300578051385	1.1384732451135693	2.83058626854304	2.9055253898478224	2.64220722433734	2.587238873963932	2.5889609746718354	3.2220898050238085	2.438625802363976	3.2225467347221035	False	False
Pparg1	4w	TG BAT	S	4	1.87339674064011	P37238	P37231	1.0989100775966567	0.7429001445815236	1.042517852085925	1.4535180834027348	BAT	TG	0.00793391777578929	0.009523809523809523	1.4655221973405883	1.4267305883608523	-1.1408907456541035	1.1234918822777609	-1.3134465735095977	1.238644326942094	1.5005076461727451	1.5270779849274234	2.1990272627454357	2.178728871908408	1.3384962501838056	1.7156597196710417	1.1424200088803844	1.8585952834651047	False	False
Pparg2	4w	TG BAT	S	4	2.2867708912176696	P37238	P37231	1.0547534369967178	0.6329591858058382	1.9464405949847083	0.8090307704957914	BAT	TG	0.4735025497613966	1.0	-1.1133022301275517	1.2699741774208064	-9.379198788655208	1.893381084831087	-140.9631469647436	1.9929059472526525	1.24731962678833	1.2337549240282166	1.12037827018942	1.5668368947816038	0.13154161158419295	2.3359682364722403	0.008848551225238309	2.4857907023514216	False	False
Prdm16	4w	TG BAT	S	4	2.15794883040155	A2A935	Q9HAZ2	1.1172625899070907	0.7997243714265011	1.301306147064325	1.1081714631153674	BAT	TG	0.19477692465961136	0.2222222222222222	1.2038866862754078	1.1735310605404397	-1.2133744932642978	1.1758521334087584	-1.6136118520253862	1.3802722762944433	1.72136915591468	1.707235866221688	2.07233340897082	2.003494316679814	1.4070147969146545	2.007456935528721	1.06678018865196	2.3759581231774	False	False
Prdm16	5w	TG BAT	R	4	2.48930031243339	A2A935	Q9HAZ2	1.0892953386658033	1.2444965091769982	1.1249569311314729	1.2834273531301634	BAT	TG	0.8448818483276007	0.9772637126412872	-1.0599729294565448	-1.0223896819626053	-1.2229444549650417	1.1823013744082225	-1.2468481648768386	1.1979777264228657	2.59279806979549	2.746666442710935	2.446098383969895	2.6865161994185662	2.2459453751637883	3.2473875102580814	2.0794818028637847	3.1061143367271957	False	False
Reelin	4w	TG BAT	U	87	0.23708364368456603	Q60841	P78509	0.32748153469174823	0.18918142830789075	-0.4778370256305531	-0.5266877134706676	BAT	TG	0.5007200696180689	0.6095238095238095	1.0740186151753688	1.0599172472208729	-1.1064155752271403	1.096180474687636	-1.2628567408776272	1.2081445443249197	0.20923181376287295	0.21496206555988884	0.2247188628682315	0.22784200078515024	0.194286912054504	0.2356372190652737	0.16568135322892327	0.25278227429682265	False	False
Reelin	5w	TG BAT	R	4	0.607856107436398	Q60841	P78509	0.7909791466938136	0.4819261414099372	-0.3799815438972984	-0.21644613428771847	BAT	TG	0.07844704984430477	0.2635644369390499	-1.0635122321101975	-1.3246129584051205	-1.2573226017968036	1.2046591713447854	-1.2469411615118202	1.1980375410916926	0.816292560533658	0.9095694585796298	0.7675441202157008	0.6866680963734364	0.7234177269061975	1.095721190253062	0.6546359890341307	0.9779491320331852	False	False
Rgs5	4w	TG BAT	S	4	4.28957891977741	O08850	O15539	2.1595109515336537	1.5670994163639085	1.359242397770836	1.5531402189066228	BAT	TG	0.11721135177224196	0.11428571428571427	1.0968864018949935	1.1537136853940912	-1.1358616865768103	1.1196111183098905	-1.1766671596970812	1.150141999155107	4.063968211003935	3.981435030429137	4.45771146838374	4.593436082113535	3.5052111339613368	4.457658926896939	3.4537958993010007	4.674140522706869	False	False
Rgs5	5w	TG BAT	R	4	1.3972800961688798	O08850	O15539	0.7240876855020475	0.579521120222212	1.1616356801779772	1.0710167946833968	BAT	TG	0.5729270444428063	0.9761037484822652	1.0585068282349854	-1.0488495628522376	-1.172809255962754	1.1473464291692477	-1.1512804036318995	1.1314018749512813	1.31637412467723	1.4104556979607985	1.3933909994826998	1.3447645381337725	1.202630087364856	1.618281308556741	1.1434000965572904	1.4893481527971697	False	False
Scd1	5w	TG BAT	R	4	0.13723910857063099	P13516	O00767	0.4926577529215905	0.5450445009505308	-0.6520910562919667	0.44610668486047217	BAT	TG	0.13847314714842698	0.18065268065268064	-2.711731265648813	-1.9880168718278408	-6.505476717341262	1.8462833634721405	-12.817839453443403	1.9219837318424704	1.77739923125184	1.4627942420919302	0.655448146269972	0.7358057483420622	0.22485581082669115	2.700732673357169	0.13866605504833007	3.4161324074553496	False	False
Sdf1	4w	TG BAT	S	4	1.6226012012294497	P40224	P48061	1.1906030309430735	0.30956332887411364	1.3955082207494016	0.8449464864533307	BAT	TG	0.4670071763611311	0.6623376623376623	1.0201448787245184	1.139894794978722	-1.704648270338786	1.4133687181102423	-1.7565614208430484	1.4307059302713951	1.319391711786555	1.2739486875516084	1.3459706978106298	1.4521674780100529	0.7473381516401743	1.8005592234630423	0.7511218771691587	1.8876615464039517	False	False
Sema3a	5w	TG BAT	R	4	0.163422041364537	O08665	Q14563	0.7099036722227806	0.967477655768738	-0.5648519400936659	-0.5614632003481832	BAT	TG	0.04969083864916075	0.05562435500515996	-1.4493031137615144	-1.4346781335090244	-1.2572886864272277	1.2046377170213405	-1.2475964628028422	1.1984587726760572	0.2368480734068865	0.2391616645585985	0.163422041364537	0.16670057134950694	0.19022016752430332	0.2881031615928937	0.1898434954478672	0.2838526513659058	False	False
Sema3c	4w	TG BAT	S	4	0.611792645028963	Q62181	Q99985	1.1197161932300943	0.8017560820048522	-0.6335138075049331	-0.7499845242712143	BAT	TG	0.9150841837482238	1.0	-1.1146233338275402	1.018979945605285	-1.495043832065472	1.3311232897978291	-1.830147175866491	1.4535958565591611	0.514302782217688	0.5087553898601906	0.46141397421818503	0.5184115394861326	0.3402946314673073	0.677216148253074	0.2810171711868961	0.7475883932484799	False	False
Sema3c	5w	TG BAT	R	4	0.150706527465951	Q62181	Q99985	0.8182155372622579	0.7912519807193865	-0.8436111707289813	-0.6588534641209198	BAT	TG	0.3608978279732624	0.21702061482829246	-1.4666823368149455	-1.2059929955821749	-1.3528585037987946	1.2608243972359092	-1.5990235631711018	1.3746183464508483	0.314715642990709	0.3580550135132997	0.214576554916552	0.29689642877275096	0.264665530436398	0.4514444965902014	0.19681738921131406	0.4326138967701039	False	False
Srebp1c	5w	TG BAT	R	4	1.64490342165067	Q9WTN3	P36956	0.7135520729965341	0.4612364405870372	2.0192492758567853	0.9397466036651698	BAT	TG	0.3013011827688655	0.2948717948717949	-1.3105347452265557	-1.2454871441578594	-1.9072700185542877	1.4756903897865492	-1.7930779407023714	1.4422997588112163	1.6000208205838748	1.4285705802559834	1.22089156843169	1.146997451524814	0.7490132840964182	2.1081278764155487	0.8923319975467026	2.307709643621048	False	False
Th	5w	TG BAT	R	4	5.890979964270071e-05	P24529	P07101	0.1808600351767144	0.5414802988908862	-0.333901576377583	-0.3297576085991433	BAT	TG	0.690243919187977	0.6426470588235295	1.5467907390564857	1.3083672124310768	33.07066700928621	2.0302382773144307	0.10425926518153604	11.591473700287466	0.00023084403108201802	0.0017600461774241495	0.00035706740944413303	0.002302786710906407	0.058205901054561124	0.0035733131192474546	2.406762905215487e-05	0.0026758225151555545	True	False
Tie2	4w	TG BAT	S	4	3.6861328793507404	Q02858	Q02763	2.7842180141344026	1.2108242465276895	0.7448767794358104	0.7683029894955511	BAT	TG	0.7746906914496883	1.0	1.0239859790025847	-1.0311409433423928	-1.146677072153277	1.1279148905261014	-1.2148240810226991	1.1768355471204106	3.81127191882718	3.830170871222368	3.9026890070453097	3.7144979024953253	3.3402349835336964	4.32010675891104	3.1373035638367184	4.485240273817642	False	False
Tie2	5w	TG BAT	R	4	1.46613673704707	Q02858	Q02763	0.8758699996198495	0.5591056794345224	1.0557337532757929	0.6923727140383567	BAT	TG	0.045808487437508566	0.19011082693947146	-1.279767102505402	-1.2015432779352957	-1.1421060900634916	1.1244245970666278	-1.2185058724789952	1.1793227898314964	1.61921062138759	1.5175245480093	1.265238509583235	1.262979516324189	1.3287071675845263	1.7063419284340735	1.3288492554355764	1.9095719873396035	False	False
Tnfa	4w	TG BAT	S	4	0.0575099810815415	P06804	P01375	0.725984341887903	0.6034106862013273	-1.107826520300182	-0.9971645438926736	BAT	TG	0.2107968918255141	0.32900432900432897	-2.974097408102346	-1.9325093896072825	-4.039358625373259	1.752435945221973	2.9817332083512897	2.335375410918449	0.18876088668181099	0.240181156873935	0.0634682933274374	0.12428460020199115	0.05946022107698867	0.42090209267088136	0.5628346042569906	0.4408275332998653	False	True
Tnfa	5w	TG BAT	R	4	0.13761833901720702	P06804	P01375	0.6648601781612198	0.6978334793607465	-0.7555410491726409	-0.6998038117818659	BAT	TG	0.6107736038682243	0.7197591747329263	1.0085412309218311	-1.1321517653630118	-1.6286740022344732	1.3860035841254656	-1.4621600040743583	1.31608032143304	0.157113154421577	0.19984023968328707	0.158455094154349	0.1765136493155673	0.12270119091304615	0.27697928845352804	0.10745277807064607	0.20677353077250796	False	False
Trka	4w	TG BAT	S	6	0.12788505851036802	Q3UFB7	P04629	0.9375906164047589	0.8361756750864223	-0.9683438325453614	-0.6958818958149791	BAT	TG	0.29108692468413405	0.14285714285714285	2.703046458626266	3.605787672767971	-6.450645772167468	1.8449767611927028	3.5594376235376743	2.2809432572682966	0.0827426458840646	0.09865004117621523	0.22365721593428797	0.35571110239124965	0.015293048891610124	0.18200703346082034	0.29451728683079426	0.1887312802177956	False	True
Trkb	4w	TG BAT	S	4	2.13137556032556	P15209	Q16620	1.2200079249058255	0.7263935521050181	1.254647198861663	1.0566437942445912	BAT	TG	0.3344029959339526	0.30952380952380953	1.1372833801135664	1.1106817322313265	-1.1957963105415932	1.1637371756506878	-1.3765938183413036	1.2735693080440182	1.87409364947611	1.7894839774882718	2.13137556032556	1.987547163916878	1.4964789251421835	2.082489029834361	1.3613991465792414	2.3867881523729784	False	False
Trkc	4w	TG BAT	S	4	1.64234204488163	Q6VNS1	Q16288	0.6306439498951422	0.7112492867082734	1.4224240556622825	1.3358231235673057	BAT	TG	0.35384636379849244	0.5476190476190477	-1.0512957925758473	-1.04001663794988	-1.0717214324470603	1.0669217114407228	-1.1043283753113873	1.0944722400001448	1.6359426426736299	1.64400338184142	1.5561202225163502	1.580747193700806	1.5339838619142558	1.7540229017685838	1.481391476708496	1.7904938086387645	False	False
Trkc	5w	TG BAT	R	4	1.8094906851796102	Q6VNS1	Q16288	0.7661617076235263	0.9971446054966184	1.0463166242938893	0.952618413522289	BAT	TG	0.02990135048970991	0.04730438045823696	-1.3003464133644862	-1.316939328757186	-1.2020123437740475	1.1680617880676452	-1.2533024867802636	1.2021080221670968	2.2537472767987703	2.2599469305350763	1.733189905117265	1.7160600197640237	1.8801362084513653	2.6397576526187883	1.7982468722204892	2.7092476813770503	False	False
Tsp	4w	TG BAT	U	87	0.289771098671885	P35441	P07996	0.5405880995267649	0.33192691433132776	-0.755639238716616	-0.7201941319075058	BAT	TG	0.19454330812974446	0.4126984126984127	1.313564978947331	1.224694616881845	-1.4137043902986672	1.2926385410823162	-2.410579786313252	1.585162040402984	0.223438250967471	0.2462134473742596	0.2935006614281145	0.30153628360317725	0.17416190333980866	0.31826499140871056	0.09269066812727164	0.3541858338076703	False	False
Tsp	5w	TG BAT	R	4	0.196919231767598	P35441	P07996	0.4132711903769799	0.4646447369017351	-0.4656287727523251	-0.5942639237645877	BAT	TG	0.018904912258053068	0.04482297738456037	-1.2714590182990606	-1.8147309304143984	-1.3729340348606671	1.271632886498086	-1.6651298031329989	1.3994462184759016	0.226482346609536	0.2488895955703451	0.178127917101505	0.13714958586919027	0.18128299630623093	0.3164961948344592	0.1360148297048084	0.3169498635142636	False	False
Ucp1	4w	TG BAT	S	4	3.87926926613955	P12242	P25874	0.9850001049160052	1.2338725164940016	2.3456792517329847	1.44516980177241	BAT	TG	0.2965671946958092	0.8412698412698413	-1.0595801943861731	1.2521677314193067	-2.3135664814326593	1.5677669053275889	-3.4274195324584595	1.7082353092378195	2.24039505202442	2.2106905772539105	2.11441763813102	2.7681554049900656	0.9555336295695971	3.4658475249382232	0.6536681695390243	3.8271219345098153	False	False
Ucp1	5w	TG BAT	R	4	4.0818986157251205	P12242	P25874	1.0673166239748435	1.463183716291552	2.06028946207162	1.7249573407039829	BAT	TG	0.009113111541871156	0.019412050237194937	1.1525503479251669	1.2657643861807808	-1.2033355587149068	1.16897660610317	-1.209760312013592	1.1733899764528193	3.0395028905039303	2.837215326484605	3.5031801139698557	3.59124611619049	2.3577923098313387	3.316638343137872	2.5124835558911767	3.5665222251166826	False	False
Vegfa120	4w	TG BAT	S	4	1.38243122895903	Q00731	P15692	0.9098324551700372	0.5539731208621625	0.8531077700186519	0.31904124314073595	BAT	TG	0.5871598537153198	0.6904761904761905	-1.120383559025508	1.1045628300185208	-1.6040460475952747	1.376576500718815	-2.255546846256117	1.5566485344075849	1.07867391242827	0.9837129213357972	0.962771993339927	1.0865727283164548	0.6132697517072796	1.3541560909643149	0.4782316599713782	1.6791161648851618	False	False
Vegfa120	5w	TG BAT	R	4	1.3162406299825602	Q00731	P15692	0.7844663370277629	0.2209457663423148	2.4068091539301584	0.9270418603964294	BAT	TG	0.17616810506300828	0.12659098727210186	1.0814600395120555	1.1009917400334797	-1.1464615985771296	1.1277509850821892	-1.1083757173130346	1.097778862907393	0.8831301792795845	0.8985465333957676	0.9550699985779878	0.9892923113044572	0.7837563286122721	1.0133367381792628	0.7967787145504246	0.9694816440087444	False	False
Vegfa164	4w	TG BAT	S	4	1.51763176834813	Q00731	P15692	0.9959396203694004	0.3844370457149706	1.3570288134133737	1.554027867581833	BAT	TG	0.0698441617313923	0.12554112554112554	1.1194040644410774	1.1688710870824166	-1.1861881215467742	1.1569634008001928	-1.367056775207334	1.2685014857204189	1.454439453240675	1.3631661526665415	1.6281054354410702	1.593365502741296	1.1491989574882864	1.5771333478447973	1.06392029915516	1.8449586073261897	False	False
Vegfa166	5w	TG BAT	R	4	1.5119826178776101	Q00731	P15692	0.8197960724561161	0.3992704475380966	1.7336282955313105	1.671560966614856	BAT	TG	0.002793184396187325	0.014904734517064575	1.2908118157076165	1.2190848993601664	-1.1075362846010244	1.0970950442854006	-1.1645697210261723	1.1413137556772126	1.17134240597941	1.2199322364375085	1.5119826178776101	1.4872009676836428	1.1014828619154209	1.3383816109595958	1.0058156114064774	1.3368692005523426	False	False
Vegfa188	4w	TG BAT	S	4	2.45016527500826	Q00731	P15692	0.7921289938415141	0.8597819537860601	1.9284381044118957	1.6583574328618214	BAT	TG	0.9273128698221564	1.0	-1.1167704029151269	1.0089216220834258	-1.2935682081728266	1.22694451387878	-1.3049832293607408	1.2337066274101776	2.26046076730663	2.198342010911614	2.02410518886076	2.2179547875430856	1.6994403519059782	2.6972436699172504	1.7321761049863749	2.7887454296268848	False	False
Vegfa188	5w	TG BAT	R	4	2.6956559590007103	Q00731	P15692	1.0608037761084481	1.194071666070679	1.369140755405457	1.2519163568688805	BAT	TG	0.7473372725203368	0.8339608223845669	1.0562077259342997	-1.029957682293077	-1.157121927268365	1.1357868376405975	-1.245413425996811	1.197053782201188	2.51623560001125	2.6322439243340425	2.65766748100281	2.555681626136006	2.274819845950046	2.9896680027180387	2.0204018581197567	3.0120693419027424	False	False
Vegfb	4w	TG BAT	S	4	2.09249682966299	P49766	P49765	1.0907231892350886	0.5964477908792563	1.6795663522386968	1.2268890259433882	BAT	TG	0.8249736198051011	0.9142857142857144	1.021543785945506	1.0255298090546443	-1.2667401995481091	1.2105721438723305	-1.4013978296989908	1.28642675276956	1.7467713687512452	1.777128682483685	1.78440343721536	1.822498438413025	1.4029148858760856	2.1513424790912845	1.2464493177689857	2.247093419733504	False	False
Vegfb	5w	TG BAT	R	4	1.21176672847893	P49766	P49765	0.6895103172508856	0.4875703219513845	1.0711406903066556	0.8077187297967777	BAT	TG	0.0840014462973406	0.10260363766892236	-1.360528273566093	-1.2221081802627465	-1.1653932171856942	1.1419205249753401	-1.2029516072734905	1.1687113646520526	1.304870731209955	1.323946452949192	0.9590912269612349	1.083329998384064	1.1360512773074034	1.5118416285909806	1.084724209453002	1.5250172529669082	False	False
Vegfd	4w	TG BAT	U	87	0.23708364368456603	P97946	O43915	0.32748153469174823	0.18918142830789075	-0.4778370256305531	-0.5266877134706676	BAT	TG	0.5007200696180689	0.6095238095238095	1.0740186151753688	1.0599172472208729	-1.1064155752271403	1.096180474687636	-1.2628567408776272	1.2081445443249197	0.20923181376287295	0.21496206555988884	0.2247188628682315	0.22784200078515024	0.194286912054504	0.2356372190652737	0.16568135322892327	0.25278227429682265	False	False
Vegfd	5w	TG BAT	R	4	0.195210013868249	P97946	O43915	0.6122758060914983	0.5296488044731303	-0.7874383718058737	-0.6735659230095589	BAT	TG	0.8345951259810716	0.4166500106734323	-1.24450355083264	1.0518827247924103	-1.6914915594641642	1.4088057995886287	-1.1895884317277676	1.159373129959248	0.25518660276477945	0.2429191146627799	0.2050509237953125	0.2555224202356449	0.1436123717577004	0.3422258575678594	0.2145167151584892	0.29585649037106965	False	False
Vegfr1	4w	TG BAT	S	4	1.64892680293684	P35969	P17948	0.8051180337405803	0.5226730945786808	1.614410188602575	1.5470030079029218	BAT	TG	0.030581713679119937	0.017316017316017316	1.2720759092551237	1.3183246613865096	-1.1529976548608374	1.1326955473116755	-1.4345121828844003	1.302898914396613	1.296248746588075	1.2240496825012523	1.64892680293684	1.613694883203728	1.061623739945066	1.3864756250574386	0.9036164084585768	1.6888810847175733	False	False
Vegfr1	5w	TG BAT	R	4	2.08600029361481	P35969	P17948	1.0407178354682725	0.8115397870412054	1.2880236740548914	1.285279196713398	BAT	TG	0.41838226777475696	0.4895774272540997	1.0691407550125231	1.064681807919713	-1.1333655574905763	1.1176721461219148	-1.1248928686679565	1.1110264560711889	1.951110490057145	1.9571791548961002	2.0860117424525497	2.083773041057555	1.7268736833944005	2.1874846263977994	1.7344856069427796	2.1677353731715105	False	False
Vegfr2	4w	TG BAT	S	4	1.6432698408601103	P35918	P35968	1.0679944223833608	0.5459135722337114	1.0537847889051342	1.0103535816178162	BAT	TG	0.4351917414727585	0.4761904761904762	-1.0708412731841588	-1.0754803525996357	-1.2871502213578387	1.2230899055860929	-1.380575548125632	1.2756644130358012	1.7579642638752548	1.7418051269251134	1.641666517623035	1.6195601553434675	1.3532259856100173	2.130384268240209	1.273356076936168	2.242572450814341	False	False
Vegfr2	5w	TG BAT	R	4	1.6097412102928101	P35918	P35968	0.8190965170319758	0.6314042764074661	1.2522004091568824	0.8594647951031421	BAT	TG	0.025073094018478653	0.21540993458613594	-1.263962267007654	-1.2448420582284194	-1.1239829197018665	1.1103067649237524	-1.2678905556087685	1.211288391118382	1.7114837582721298	1.6951839190055713	1.3540623821974949	1.3617662640817665	1.5081936649492986	1.882174173061844	1.3498671085615697	2.0731004079826905	False	False
