uniprot	genesymbol	name	resaa	resnum	label	original_resnum	effect	fc	logfc	zscore	pval	tval
P63104	YWHAZ	14-3-3 beta/zeta	S	184	YWHA[B,Z]-S184/S186	184/186	1	-2.1619535449200002	-1.11233552	-2.94629185	0.00321609	-2.74218119
P31946	YWHAB	14-3-3 beta/zeta	S	184	YWHA[B,Z]-S184/S186(2)	184/186	0	-2.1619535449200002	-1.11233552	-2.94629185	0.00321609	-2.74218119
P31946	YWHAB	14-3-3 beta/zeta	S	186	YWHA[B,Z]-S184/S186(3)	184/186	0	-2.1619535449200002	-1.11233552	-2.94629185	0.00321609	-2.74218119
P27348	YWHAQ	14-3-3 theta/tau	S	232	YWHAQ-S232	232	0	-1.22372814208	-0.29128309	-0.77153429	0.44039031	-0.15009455
P63104	YWHAZ	14-3-3 zeta	S	58	YWHAZ-S58	58	-1	1.29523999826	0.37321944	0.98856269	0.32287715	-0.46008539
P63104	YWHAZ	14-3-3 zeta/delta	T	232	YWHAZ-T232	232	-1	-2.9713563331200006	-1.57112163	-4.16149871	3.162e-05	-4.05190198
Q13541	EIF4EBP1	4E-BP1	T	36	EIF4EBP1-T36	36	0	-1.1077277023999998	-0.14760329	-0.39096329	0.69582437	0.51291296
Q13541	EIF4EBP1	4E-BP1	T	45	EIF4EBP1-T45	45	0	1.01674225794	0.02395401	0.06344802	0.94940975	1.64369331
Q13541	EIF4EBP1	4E-BP1	S	65	EIF4EBP1-S65	65	-1	-1.22153436006	-0.28869445	-0.76467763	0.44446353	-0.13976861
Q13541	EIF4EBP1	4E-BP1	T	70	EIF4EBP1-T70	70	-1	1.33604550254	0.41796914	1.10709319	0.26825364	-0.61874322
O60825	PFKFB2	6-phosphofructo-2-kinase/fructose-2,6-biphosphatase 2 (PFKFB2)	S	483	PFKFB2-S483	483	0	-1.17709776211	-0.23523415	-0.62307499	0.53323524	0.08346789
P00519	ABL1	Abl1	Y	204	ABL1-Y204	204	0	-1.63536034873	-0.70960857	-1.87957131	0.06016653	-1.55735574
P00519	ABL1	Abl1	T	754	ABL1-T735/T754	754/735	0	-1.5112348460499998	-0.59572787	-1.57793052	0.11458157	-1.20472313
P00519	ABL1	Abl1	T	735	ABL1-T735/T754(2)	754/735	1	-1.5112348460499998	-0.59572787	-1.57793052	0.11458157	-1.20472313
Q13085	ACACA	ACC1	S	80	ACACA-S80	79	-1	1.64746816383	0.72025059	1.90775929	0.05642233	-1.58971706
Q13085	ACACA	ACC1	S	80	ACACA-S80(2)	80	-1	1.11978909083	0.16322703	0.43234659	0.66548953	0.4278708
P68032	ACTC1	Actin Pan (a/b/g)	Y	55	ACTA1/ACTC1/ACTG[1,2]-Y53/Y54/Y55	55/53	0	1.22169129722	0.28887978	0.76516854	0.44417119	-0.14050921
P68133	ACTA1	Actin Pan (a/b/g)	Y	55	ACTA1/ACTC1/ACTG[1,2]-Y53/Y54/Y55(2)	55/53	0	1.22169129722	0.28887978	0.76516854	0.44417119	-0.14050921
P63261	ACTG1	Actin Pan (a/b/g)	Y	53	ACTA1/ACTC1/ACTG[1,2]-Y53/Y54/Y55(3)	55/53	0	1.22169129722	0.28887978	0.76516854	0.44417119	-0.14050921
P63267	ACTG2	Actin Pan (a/b/g)	Y	54	ACTA1/ACTC1/ACTG[1,2]-Y53/Y54/Y55(4)	55/53	0	1.22169129722	0.28887978	0.76516854	0.44417119	-0.14050921
P35611	ADD1	ADD1	S	726	ADD1-S726	726	0	-1.35136633307	-0.43441882	-1.15066416	0.24987043	-0.67563353
P98177	FOXO4	AFX/FOXO4	S	197	FOXO4-S197	197	0	-1.0586705598700001	-0.08225372	-0.21786903	0.82753116	0.94579342
P31749	AKT1	AKT1	S	124	AKT1-S124	124	1	-1.06263711679	-0.08764901	-0.23215978	0.81641392	0.9030085
P31749	AKT1	AKT1	S	246	AKT1-S246	246	1	-1.09790397509	-0.13475188	-0.35692321	0.7211493	0.58684924
P31749	AKT1	AKT1	T	308	AKT1-T308	308	0	1.29911376231	0.37752777	0.99997435	0.31732292	-0.47563433
P31749	AKT1	AKT1	Y	326	AKT1-Y326	326	1	-1.0075235132200002	-0.01081351	-0.02864221	0.97714994	2.00564717
P31749	AKT1	AKT1	T	450	AKT1-T450	450	0	1.08404722756	0.11642761	0.30838691	0.75778794	0.69998469
P31749	AKT1	AKT1	S	473	AKT1-S473	473	0	-1.04883685801	-0.06879029	-0.18220786	0.85541961	1.0616519
P31749	AKT1	AKT1	Y	474	AKT1-Y474	474	1	1.1949766875	0.25698247	0.68068074	0.49607353	-0.00984974
P31749	AKT1	AKT1	T	72	AKT1-T72	72	1	1.17414543211	0.23161111	0.61347851	0.53955999	0.09940037
Q96B36	AKT1S1	AKT1S1	T	246	AKT1S1-T246	246	-1	-1.1423858598	-0.19205003	-0.50869132	0.61096861	0.28207228
P31751	AKT2	AKT2	S	474	AKT2-S474	474	1	1.0271629148499999	0.03866502	0.10241373	0.91842828	1.39765787
Q9UM73	ALK	ALK	Y	1507	ALK-Y1507	1507	0	-1.1104257519399998	-0.15111293	-0.40025944	0.68896544	0.49337891
Q9UM73	ALK	ALK	Y	1604	ALK-Y1604	1604	0	-1.0583465375	-0.08181209	-0.21669927	0.82844272	0.94937851
Q9Y478	PRKAB1	AMPK beta1	S	182	PRKAB1-S182	182	0	-1.1019404493	-0.14004626	-0.37094667	0.71067726	0.55590866
P54646	PRKAA2	AMPK1	T	172	PRKAA2-T172	172	1	1.6484630064899999	0.72112151	1.91006615	0.0561247	-1.59236165
Q13131	PRKAA1	AMPK1/AMPK2	S	486	PRKAA[1,2]-S485/S486/S491	485/491	0	1.08378465051	0.11607812	0.3074612	0.75849235	0.70224529
Q13131	PRKAA1	AMPK1/AMPK2	S	491	PRKAA[1,2]-S485/S486/S491(2)	485/491	0	1.08378465051	0.11607812	0.3074612	0.75849235	0.70224529
P54646	PRKAA2	AMPK1/AMPK2	S	491	PRKAA[1,2]-S485/S486/S491(3)	485/491	-1	1.08378465051	0.11607812	0.3074612	0.75849235	0.70224529
P05067	APP	Amyloid beta A4	T	743	APP-T668/T743	743/668	0	1.0838502303200002	0.11616541	0.30769242	0.75831638	0.70168024
P05067	APP	Amyloid beta A4	T	668	APP-T668/T743(2)	743/668	0	1.0838502303200002	0.11616541	0.30769242	0.75831638	0.70168024
P10275	AR	Androgen Receptor	S	213	AR-S213	213	0	-1.17364839952	-0.23100027	-0.61186054	0.54063003	0.10209827
P10275	AR	Androgen Receptor	S	650	AR-S650	650	0	1.21378258691	0.27951003	0.74035046	0.45908737	-0.10281092
P10398	ARAF	A-RAF	Y	301	ARAF-Y301/Y302	301/302	1	1.3571463039700002	0.44057626	1.16697364	0.24322102	-0.69675297
P10398	ARAF	A-RAF	Y	302	ARAF-Y301/Y302(2)	301/302	1	1.3571463039700002	0.44057626	1.16697364	0.24322102	-0.69675297
P49407	ARRB1	Arrestin-1	S	412	ARRB1-S412	412	0	-1.02820744448	-0.04013136	-0.1062977	0.91534616	1.37741048
Q99683	MAP3K5	ASK1	S	83	MAP3K5-S83	83	-1	-1.2143781628499999	-0.28021775	-0.74222504	0.457951	-0.10567709
Q99683	MAP3K5	ASK1	S	966	MAP3K5-S966	966	-1	1.04256204214	0.06013324	0.15927755	0.87345021	1.14482929
P18846	ATF1	ATF1	S	63	ATF1-S63	63	1	1.17469412527	0.23228515	0.61526385	0.53838049	0.09642732
P15336	ATF2	ATF2	S	112	ATF2-S94/S112	112/94	0	-1.16459922727	-0.21983357	-0.5822828	0.56037621	0.15203949
P15336	ATF2	ATF2	S	94	ATF2-S94/S112(2)	112/94	0	-1.16459922727	-0.21983357	-0.5822828	0.56037621	0.15203949
P15336	ATF2	ATF2	S	62	ATF2-S44/S62	62/44	1	1.65604112066	0.7277385	1.92759285	0.05390579	-1.61243586
P15336	ATF2	ATF2	S	44	ATF2-S44/S62(2)	62/44	0	1.65604112066	0.7277385	1.92759285	0.05390579	-1.61243586
P15336	ATF2	ATF2	T	69	ATF2-T52/T69	69/51	1	-1.0783116113700002	-0.10877415	-0.28811486	0.77325882	0.75049941
P15336	ATF2	ATF2	T	52	ATF2-T52/T69(2)	69/51	0	-1.0783116113700002	-0.10877415	-0.28811486	0.77325882	0.75049941
P15336	ATF2	ATF2	T	71	ATF2-T53/T71	71/53	1	1.08013756055	0.11121506	0.2945802	0.76831459	0.73415257
P15336	ATF2	ATF2	T	53	ATF2-T53/T71(2)	71/53	0	1.08013756055	0.11121506	0.2945802	0.76831459	0.73415257
P15336	ATF2	ATF2	T	73	ATF2-T55/T73	73/55	1	1.1791983039899998	0.23780635	0.62988811	0.52876779	0.07222709
P15336	ATF2	ATF2	T	55	ATF2-T55/T73(2)	73/55	0	1.1791983039899998	0.23780635	0.62988811	0.52876779	0.07222709
P18848	ATF4	ATF4	S	245	ATF4-S245	245	1	-1.34845348401	-0.43130576	-1.14241846	0.25328012	-0.6649204
P05023	ATP1A1	ATPase	S	16	ATP1A1-S16	16	0	-1.06534204323	-0.0913167	-0.24187455	0.80887737	0.87492162
P53396	ACLY	ATP-Citrate Lyase	S	455	ACLY-S455	454	0	1.11608470998	0.15844653	0.41968427	0.67471612	0.45338248
Q8WXE1	ATRIP	ATRIP	S	68	ATRIP-S68/S72	68/72	0	1.1799655304	0.23874472	0.63237359	0.52714279	0.06814067
Q8WXE1	ATRIP	ATRIP	S	72	ATRIP-S68/S72(2)	68/72	0	1.1799655304	0.23874472	0.63237359	0.52714279	0.06814067
O14965	AURKA	AurA	T	288	AURKA-T288	288	1	-1.25768366499	-0.3307691	-0.87612261	0.38096338	-0.30319927
O14965	AURKA	AurA	S	342	AURKA-S342	342	1	-1.0636977627700002	-0.08908828	-0.23597204	0.81345436	0.89189505
Q96GD4	AURKB	AurB	Y	12	AURKB-Y12	12	0	-1.07313242694	-0.10182812	-0.2697166	0.78737829	0.79833492
Q96GD4	AURKB	AurB	T	232	AURKB-T232	232	1	1.01656169291	0.02369777	0.06276933	0.94995019	1.64894251
Q92934	BAD	BAD	S	75	BAD-S75	112	0	1.1748465063299998	0.23247228	0.61575952	0.53805325	0.09560264
Q92934	BAD	BAD	S	134	BAD-S134	134	0	1.01770711661	0.02532243	0.06707263	0.94652388	1.61639864
Q92934	BAD	BAD	S	99	BAD-S99	136	0	-1.1892252509799999	-0.250022	-0.66224423	0.50781471	0.0196045
Q92934	BAD	BAD	S	118	BAD-S118	155	0	-1.09018266426	-0.12456988	-0.32995371	0.74143494	0.64846452
Q92934	BAD	BAD	S	91	BAD-S91	91/128	0	-1.0348818856200002	-0.04946612	-0.13102307	0.89575705	1.26017522
Q92934	BAD	BAD	S	91	BAD-S91(2)	91/128	0	-1.0348818856200002	-0.04946612	-0.13102307	0.89575705	1.26017522
Q07812	BAX	BAX	T	167	BAX-T167	167	1	-1.2104322224200001	-0.2755223	-0.72978799	0.46551979	-0.08660224
P10415	BCL2	BCL-2	T	56	BCL2-T56	56	1	1.3104121235100001	0.39002061	1.03306468	0.30157363	-0.52037461
P10415	BCL2	BCL-2	T	69	BCL2-T69	69	1	1.0187719334899998	0.02683112	0.07106876	0.94334303	1.58764003
P10415	BCL2	BCL-2	S	70	BCL2-S70	70	0	1.37947986393	0.4641244	1.22934663	0.21894187	-0.77670297
Q07817	BCL2L1	BCL-XL	T	47	BCL2L1-T47	47	0	-1.4665286972799998	-0.5524053	-1.46318013	0.1434181	-1.06679216
P11274	BCR	BCR	Y	177	BCR-Y177	177	0	1.8883357114500001	0.91711527	2.42920341	0.01513204	-2.17588952
P11274	BCR	BCR	Y	360	BCR-Y360	360	0	-1.22578378559	-0.29370453	-0.77794805	0.43659964	-0.15971862
P55957	BID	BID	S	78	BID-S78	78	0	-1.11852220982	-0.1615939	-0.42802085	0.66863594	0.43653851
O43521	BCL2L11	BIM	S	69	BCL2L11-S69	69/65	0	-1.20279728767	-0.26639352	-0.70560819	0.48043183	-0.04910664
O43521	BCL2L11	BIM	S	69	BCL2L11-S69(2)	69/65	0	-1.20279728767	-0.26639352	-0.70560819	0.48043183	-0.04910664
Q8WV28	BLNK	BLNK	Y	96	BLNK-Y96	96	0	-1.2601202384299999	-0.3335614	-0.8835187	0.37695609	-0.3137429
P15056	BRAF	B-RAF	S	446	BRAF-S446	446	1	-1.04234749581	-0.05983632	-0.15849108	0.87406985	1.14782978
P15056	BRAF	B-RAF	T	599	BRAF-T599	598	1	1.6458229496399999	0.71880915	1.90394128	0.05691783	-1.58533884
P15056	BRAF	B-RAF	S	602	BRAF-S602	601	1	1.16393812484	0.21901437	0.58011295	0.56183845	0.15575137
P38398	BRCA1	BRCA1	S	1457	BRCA1-S1457	1457	0	-1.3931456994	-0.47834615	-1.2670164	0.20514942	-0.82440317
P38398	BRCA1	BRCA1	S	1524	BRCA1-S1524	1524	0	1.05935329856	0.08318381	0.22033261	0.82561212	0.93828541
Q06187	BTK	BTK	Y	223	BTK-Y223	223	1	-1.40991146771	-0.49560457	-1.31272956	0.18927409	-0.88174617
P00519	ABL1	c-Abl	Y	413	ABL1-Y413	412	0	1.22983658866	0.29846663	0.79056165	0.42919983	-0.17854955
P62158	CALM1	Calmodulin	T	80	CALM[1,2,3]-T80/S82	79/81	0	-10.3826994635	-3.37610968	-8.94244967	0.0	-9.42137003
P62158	CALM1	Calmodulin	S	82	CALM[1,2,3]-T80/S82(2)	79/81	0	-10.3826994635	-3.37610968	-8.94244967	0.0	-9.42137003
Q9Y2W7	KCNIP3	Calsenilin/KCNIP3	S	63	KCNIP3-S63	63	0	1.13039636041	0.17682873	0.46837399	0.63951716	0.3574701
Q14012	CAMK1	CaMK1-alpha	T	177	CAMK1-T177	177	0	1.23668661994	0.30647996	0.81178691	0.41691391	-0.20995882
Q9UQM7	CAMK2A	CaMK2A	T	286	CAMK2A-T286	286	1	1.0973260606100002	0.13399227	0.35491121	0.72265611	0.59134725
Q13554	CAMK2B	CaMK2-beta/gamma/delta	T	287	CAMK[2B,2D,2G]-T287	287	1	1.01355190273	0.01941997	0.05143852	0.95897609	1.74417898
Q13555	CAMK2G	CaMK2-beta/gamma/delta	T	287	CAMK[2B,2D,2G]-T287(2)	287	0	1.01355190273	0.01941997	0.05143852	0.95897609	1.74417898
Q13557	CAMK2D	CaMK2-beta/gamma/delta	T	287	CAMK[2B,2D,2G]-T287(3)	287	1	1.01355190273	0.01941997	0.05143852	0.95897609	1.74417898
Q16566	CAMK4	CaMK4	T	200	CAMK4-T200	196/200	1	1.33181431218	0.41339295	1.09497202	0.27352889	-0.6027895
Q16566	CAMK4	CaMK4	T	200	CAMK4-T200(2)	196/200	1	1.33181431218	0.41339295	1.09497202	0.27352889	-0.6027895
P29466	CASP1	Caspase 1	S	376	CASP1-S376	376	1	-1.02767369673	-0.03938226	-0.10431351	0.91692056	1.38768228
P42575	CASP2	Caspase 2	S	157	CASP2-S157	157	-1	1.17025607354	0.22682425	0.60079934	0.54797365	0.12063497
P42574	CASP3	Caspase 3	S	150	CASP3-S150	150	-1	-1.26265291437	-0.33645812	-0.89119136	0.37282652	-0.32464495
P55212	CASP6	Caspase 6	S	257	CASP6-S257	257	0	-1.02541947113	-0.0362142	-0.09592213	0.92358242	1.43285297
Q14790	CASP8	Caspase 8	S	347	CASP8-S347	347	-1	1.11016386945	0.15077265	0.39935811	0.68962935	0.49526138
P55211	CASP9	Caspase 9	T	125	CASP9-T125	125	-1	-1.43841953257	-0.52448452	-1.38922512	0.1647643	-0.97648961
P55211	CASP9	Caspase 9	S	144	CASP9-S144	144	-1	1.27945955138	0.35553454	0.94171991	0.34633606	-0.39557366
P55211	CASP9	Caspase 9	Y	153	CASP9-Y153	153	1	-2.16257370299	-1.1127493	-2.94738784	0.00320471	-2.74337177
P55211	CASP9	Caspase 9	S	196	CASP9-S196	196	-1	-1.12020114527	-0.16375781	-0.43375248	0.66446819	0.42506416
P04040	CAT	Catalase	Y	386	CAT-Y386	385	0	1.2164510498799999	0.28267827	0.74874231	0.45401253	-0.11561763
P35222	CTNNB1	Catenin beta	S	33	CTNNB1-S33	33	0	-1.1668278461200001	-0.22259172	-0.58958845	0.5554666	0.13959161
P35222	CTNNB1	Catenin beta	S	37	CTNNB1-S37	37	-1	1.24830447635	0.31996987	0.84751821	0.39670634	-0.26209122
P35222	CTNNB1	Catenin beta	T	41	CTNNB1-T41/S45	41/45	-1	-1.0944190406	-0.13016524	-0.34477436	0.73026401	0.61424443
P35222	CTNNB1	Catenin beta	S	45	CTNNB1-T41/S45(2)	41/45	0	-1.0944190406	-0.13016524	-0.34477436	0.73026401	0.61424443
P35222	CTNNB1	Catenin beta	Y	489	CTNNB1-Y489	489	0	-1.34463118894	-0.42721052	-1.13157122	0.25781474	-0.65079002
P35222	CTNNB1	Catenin beta	Y	654	CTNNB1-Y654	654	1	1.16148054168	0.21596498	0.57203592	0.56729764	0.16962886
O60716	CTNND1	Catenin delta-1	Y	228	CTNND1-Y228	228	0	-1.02674099346	-0.03807229	-0.10084375	0.9196745	1.40600918
Q03135	CAV1	Caveolin-1	Y	14	CAV1-Y14	14	1	-1.06202246442	-0.08681428	-0.2299488	0.81813156	0.90950989
P15391	CD19	CD19	Y	531	CD19-Y531	531	1	1.22799084253	0.2962998	0.78482227	0.43255778	-0.16999682
P15941	MUC1	CD227/mucin 1	Y	1243	MUC1-Y1243	1243	0	-1.14896765817	-0.20033819	-0.53064454	0.59566512	0.24233446
P20963	CD247	CD3Z	Y	142	CD247-Y142	142	0	1.0505618655	0.07116112	0.18848758	0.85049445	1.04017473
P01730	CD4	CD4	S	433	CD4-S433	433	-1	1.05581294852	0.07835426	0.20754037	0.83558787	0.97791473
P06127	CD5	CD5	Y	453	CD5-Y453	453	1	1.05859981632	0.08215731	0.21761366	0.82773014	0.94657494
P30304	CDC25A	CDC25A	S	124	CDC25A-S124	124	-1	-1.32142961089	-0.40209958	-1.06505877	0.28684933	-0.56316753
P30304	CDC25A	CDC25A	S	76	CDC25A-S76	75	-1	-1.0696906215200002	-0.0971936	-0.25744094	0.7968384	0.83143276
P30305	CDC25B	CDC25B	S	323	CDC25B-S323	323	0	1.3624250297799998	0.44617684	1.18180816	0.23728183	-0.7158832
P30305	CDC25B	CDC25B	S	353	CDC25B-S353	353	0	-1.50180868206	-0.58670104	-1.55402075	0.12017947	-1.17618414
P30307	CDC25C	CDC25C	S	216	CDC25C-S216	216	-1	-1.0095603083600002	-0.0137271	-0.03635956	0.97099566	1.90217204
P06493	CDK1	CDK1/CDC2	T	14	CDK1-T14	14	-1	-1.3919351512	-0.477092	-1.26369449	0.20633971	-0.82021342
P06493	CDK1	CDK1/CDC2	Y	15	CDK1-Y15	15	-1	-1.0047648953200001	-0.00685797	-0.01816499	0.98550723	2.19315114
P24941	CDK2	CDK2	T	160	CDK2-T160	160	1	1.39175941694	0.47690984	1.26321201	0.206513	-0.81960464
Q00535	CDK5	CDK5	Y	15	CDK5-Y15	15	1	1.25614328976	0.32900104	0.87143948	0.38351424	-0.29650535
P50613	CDK7	CDK7	T	170	CDK7-T170	170	1	-1.4835866393500001	-0.56908918	-1.50737145	0.13171547	-1.12020575
O14757	CHEK1	Chk1	S	280	CHEK1-S280	280	-1	-1.10938647861	-0.14976205	-0.3966813	0.69160249	0.50086646
O14757	CHEK1	Chk1	S	286	CHEK1-S286	286	0	1.1990244776899999	0.26186111	0.693603	0.48793121	-0.03027926
O14757	CHEK1	Chk1	S	317	CHEK1-S317	317	1	1.43373689355	0.5197803	1.37676485	0.16858496	-0.96115423
O14757	CHEK1	Chk1	S	345	CHEK1-S345	345	0	1.18320467895	0.24269966	0.64284923	0.52032193	0.05099984
O96017	CHEK2	Chk2	T	383	CHEK2-T383	383	1	1.37654093004	0.46104751	1.22119674	0.22201154	-0.7663269
O96017	CHEK2	Chk2	T	387	CHEK2-T387	387	1	-1.06065287207	-0.08495257	-0.2250176	0.82196558	0.92416262
O96017	CHEK2	Chk2	S	516	CHEK2-S516	516	1	-1.03065645754	-0.04356353	-0.11538863	0.90813709	1.33212968
O96017	CHEK2	Chk2	T	68	CHEK2-T68	68	1	1.1091415395	0.14944348	0.3958375	0.69222491	0.50263782
P05412	JUN	c-Jun	Y	170	JUN-Y170	170	0	1.13817418214	0.18672136	0.49457705	0.62089871	0.30809436
P05412	JUN	c-Jun	T	239	JUN-T239	239	0	1.1870318914	0.2473587	0.65518982	0.51234555	0.03097384
P05412	JUN	c-Jun	S	243	JUN-S243	243	-1	1.37307893639	0.45741457	1.21157401	0.22567549	-0.75404915
P05412	JUN	c-Jun	S	63	JUN-S63	63	1	-1.1387635157	-0.18746818	-0.49655518	0.61950277	0.30442401
P05412	JUN	c-Jun	T	91	JUN-T91	91	0	1.1661299628100001	0.22172858	0.58730221	0.55700075	0.14347891
P05412	JUN	c-Jun	T	93	JUN-T93	93	0	1.16640117907	0.22206408	0.58819087	0.55640419	0.14196705
P48729	CSNK1A1	CK1-A	T	321	CSNK1A1-T321	321	0	-1.00724673983	-0.01041714	-0.02759232	0.9779873	2.02149793
P67870	CSNK2B	CK2-b	S	209	CSNK2B-S209	209	0	1.07801082735	0.10837167	0.28704879	0.77407496	0.75321707
O15551	CLDN3	Claudin 3	Y	219	CLDN3-Y219	219	0	-1.05269692701	-0.07409014	-0.19624581	0.84441778	1.01431967
O95471	CLDN7	Claudin 7	Y	210	CLDN7-Y210	210	0	-1.01580993665	-0.02263049	-0.05994237	0.95220153	1.67131071
P23528	CFL1	Cofilin	S	3	CFL1-S3	3	0	1.02707133324	0.03853638	0.10207301	0.91869872	1.39946193
P17302	GJA1	Connexin 43	S	368	GJA1-S368	367	0	-1.1253787907	-0.17041068	-0.45137423	0.65171985	0.39030436
Q14247	CTTN	Cortactin	Y	421	CTTN-Y421	421	0	1.4501818407	0.53623381	1.420346	0.15550698	-1.01463569
Q14247	CTTN	Cortactin	Y	466	CTTN-Y466	466	0	1.3811049591799998	0.46582296	1.2338457	0.21726041	-0.78242225
Q96A00	PPP1R14A	CPI17 alpha	T	38	PPP1R14A-T38	38	-1	1.05394390844	0.07579809	0.20076972	0.84087864	0.99956905
P47712	PLA2G4A	c-PLA2	S	505	PLA2G4A-S505	505	1	-1.21218897954	-0.27761463	-0.73533004	0.46213852	-0.09511939
P16220	CREB1	CREB	T	100	CREB1-T100	100	-1	-1.1548751072399999	-0.20773684	-0.55024168	0.58215362	0.20756805
P16220	CREB1	CREB	S	121	CREB1-S121	121	-1	-1.09043962803	-0.1249099	-0.33085432	0.74075453	0.64635872
P16220	CREB1	CREB	S	129	CREB1-S129	129	0	1.37585904183	0.46033267	1.21930332	0.22272909	-0.76391336
P16220	CREB1	CREB	S	133	CREB1-S133	133	1	1.28292151682	0.35943292	0.95204572	0.3410738	-0.40989248
P16220	CREB1	CREB	S	142	CREB1-S142	142	0	1.13243615268	0.17942971	0.47526334	0.63459928	0.34434782
P46108	CRK	CrkII	Y	221	CRK-Y221	221	0	-1.5529561006200001	-0.63501705	-1.68199748	0.09256933	-1.32783714
P14635	CCNB1	Cyclin B1	S	126	CCNB1-S126	126	0	1.22915027537	0.29766131	0.78842856	0.43044607	-0.17537386
P14635	CCNB1	Cyclin B1	S	147	CCNB1-S147	147	0	-1.1601521267200001	-0.21431399	-0.56766287	0.57026391	0.17718283
P24385	CCND1	Cyclin D1	T	286	CCND1-T286	286	0	-1.4035085297999998	-0.48903783	-1.29533594	0.19520437	-0.85999486
P30281	CCND3	Cyclin D3	T	283	CCND3-T283	283	-1	-1.15627097155	-0.20947953	-0.55485762	0.57899205	0.19947076
P24864	CCNE1	Cyclin E1	T	395	CCNE1-T395	395	-1	-1.00640316349	-0.00920836	-0.02439059	0.98054105	2.07322256
P24864	CCNE1	Cyclin E1	T	77	CCNE1-T77	77	-1	-1.7395754942800001	-0.79873529	-2.11564517	0.034375	-1.82595322
O96020	CCNE2	Cyclin E2	T	392	CCNE2-T392	392	-1	-1.15414180692	-0.2068205	-0.54781451	0.58381927	0.21183951
O75553	DAB1	DAB1	Y	220	DAB1-Y220	220	0	1.20069188153	0.26386598	0.69891338	0.48460617	-0.03862514
O75553	DAB1	DAB1	Y	232	DAB1-Y232	232	0	1.1987280761799999	0.26150443	0.69265824	0.48852405	-0.02879147
Q9UN19	DAPP1	DAPP1	Y	139	DAPP1-Y139	139	1	-1.03208875748	-0.04556704	-0.12069543	0.90393228	1.3069304
Q9UD71	PPP1R1B	DARPP-32	T	34	PPP1R1B-T34	34	1	1.17333356839	0.23061322	0.61083533	0.5413086	0.10380954
Q9UD71	PPP1R1B	DARPP-32	T	75	PPP1R1B-T75	75	1	1.24497952817	0.31612202	0.83732625	0.40240921	-0.24731239
P17844	DDX5	DDX5/DEAD-box protein 5	Y	593	DDX5-Y593	593	0	1.00904238749	0.01298678	0.03439865	0.97255926	1.92656992
P78527	PRKDC	DNA-PK	T	2638	PRKDC-T2638	2638	0	-1.08475902671	-0.11737459	-0.31089522	0.75588028	0.6938805
P78527	PRKDC	DNA-PK	T	2647	PRKDC-T2647	2647	0	1.01255230126	0.01799643	0.04766793	0.96198089	1.7796757
Q99704	DOK1	Dok-1	Y	362	DOK1-Y362	362	0	1.2056927114700002	0.26986226	0.714796	0.47473511	-0.06341973
Q99704	DOK1	Dok-1	Y	398	DOK1-Y398	398	0	1.1559356844600002	0.20906113	0.55374938	0.57975038	0.20141174
O60496	DOK2	Dok-2	Y	299	DOK2-Y299	299	0	-1.38762972188	-0.47262265	-1.25185632	0.21062222	-0.80525668
Q05193	DNM1	DYN1	S	774	DNM1-S774	774	1	-1.4251571238499998	-0.51112099	-1.35382855	0.17579108	-0.93282887
Q01094	E2F1	E2F1	T	433	E2F1-T433	433	-1	1.27340982858	0.3486968	0.92360851	0.35569018	-0.3703179
P13639	EEF2	EEF2	T	57	EEF2-T57	56	-1	-1.16282207914	-0.21763037	-0.5764471	0.56431302	0.16203793
O00418	EEF2K	eEF2K	S	366	EEF2K-S366	366	0	1.02069350613	0.02954972	0.07826963	0.93761357	1.53891091
P00533	EGFR	EGFR	Y	1016	EGFR-Y1016	1016	1	-1.07332976041	-0.10209339	-0.27041922	0.78683775	0.79647029
P00533	EGFR	EGFR	Y	1069	EGFR-Y1069	1069	-1	1.00622024429	0.00894612	0.02369598	0.98109511	2.08520338
P00533	EGFR	EGFR	S	1070	EGFR-S1070	1070	0	1.6849947005	0.75274405	1.99382616	0.04617106	-1.68801344
P00533	EGFR	EGFR	Y	1092	EGFR-Y1092	1092	0	1.32621226834	0.40731171	1.07886437	0.2806482	-0.58149904
P00533	EGFR	EGFR	Y	1110	EGFR-Y1110	1110	1	1.41359887491	0.4993728	1.32271061	0.18593163	-0.89419161
P00533	EGFR	EGFR	Y	1172	EGFR-Y1172	1172	0	1.15124916492	0.20320011	0.53822504	0.5904217	0.22881003
P00533	EGFR	EGFR	Y	1197	EGFR-Y1197	1197	0	1.07076505393	0.09864196	0.26127728	0.79387868	0.82098107
P00533	EGFR	EGFR	T	678	EGFR-T678	678	-1	1.02920753971	0.04153393	0.11001274	0.91239927	1.35856448
P00533	EGFR	EGFR	T	693	EGFR-T693	693	0	1.1726389056200002	0.22975883	0.60857228	0.54280799	0.10759189
P00533	EGFR	EGFR	Y	869	EGFR-Y869	869	1	1.06169782532	0.08637321	0.22878051	0.81903951	0.91296215
P05198	EIF2S1	eIF2A	S	52	EIF2S1-S52	51	0	-1.19893235249	-0.26175026	-0.69330938	0.48811542	-0.02981697
P06730	EIF4E	eIF4E	S	209	EIF4E-S209	209	0	1.00834195105	0.01198497	0.03174512	0.97467531	1.96151459
Q04637	EIF4G1	eIF4G	S	1109	EIF4G1-S1109	1108	0	-1.17202460693	-0.22900286	-0.60656991	0.54413637	0.11094418
P19419	ELK1	Elk1	S	383	ELK1-S383	383	1	-1.4619189613699999	-0.54786334	-1.45114964	0.1467382	-1.05218263
P19419	ELK1	Elk1	S	389	ELK1-S389	389	1	1.18303240663	0.24248959	0.64229281	0.52068308	0.05190698
P19419	ELK1	Elk1	T	417	ELK1-T417	417	0	-1.0656337084999998	-0.09171162	-0.2429206	0.80806691	0.87194234
P29474	NOS3	eNOS	S	1177	NOS3-S1177	1177	1	1.4669767785799999	0.55284603	1.46434752	0.14309902	-1.06820821
P29474	NOS3	eNOS	T	495	NOS3-T495	495	-1	1.1086200746	0.14876504	0.39404047	0.69355116	0.50641754
P29474	NOS3	eNOS	S	615	NOS3-S615	615	0	-1.21917314746	-0.28590303	-0.75728389	0.4488798	-0.12858984
P11171	EPB41	EPB41	Y	418	EPB41-Y418/Y660	418/660	0	-1.29941803275	-0.37786563	-1.00086926	0.31689002	-0.47685103
P11171	EPB41	EPB41	Y	660	EPB41-Y418/Y660(2)	418/660	0	-1.29941803275	-0.37786563	-1.00086926	0.31689002	-0.47685103
P29317	EPHA2	EPHA2/3/4	Y	588	EPHA[2,3,4]-Y588/Y596	588/596	1	1.08532061369	0.11812129	0.31287304	0.75437712	0.68908886
P29320	EPHA3	EPHA2/3/4	Y	596	EPHA[2,3,4]-Y588/Y596(2)	588/596	1	1.08532061369	0.11812129	0.31287304	0.75437712	0.68908886
P54764	EPHA4	EPHA2/3/4	Y	596	EPHA[2,3,4]-Y588/Y596(3)	588/596	1	1.08532061369	0.11812129	0.31287304	0.75437712	0.68908886
P54762	EPHB1	EPHB1/2	Y	594	EPHB[1,2]-Y594/Y596/Y604	594/604	0	-1.25878141257	-0.33202778	-0.87945653	0.37915379	-0.30795625
P29323	EPHB2	EPHB1/2	Y	596	EPHB[1,2]-Y594/Y596/Y604(2)	594/604	1	-1.25878141257	-0.33202778	-0.87945653	0.37915379	-0.30795625
P98172	EFNB1	Ephrin B1	Y	317	EFNB1-Y317	317	0	1.00071817732	0.00103574	0.00274341	0.99781108	2.8691458
P52799	EFNB2	Ephrin B2	Y	330	EFNB2-Y330	330	0	1.33996361944	0.42219383	1.1182833	0.26344602	-0.63342133
P19235	EPOR	Epo-R	Y	368	EPOR-Y368	368	0	-1.3517861339300001	-0.43486692	-1.15185107	0.24938228	-0.67717362
Q16659	MAPK6	ERK3	S	189	MAPK6-S189	189	0	1.0752219628	0.10463451	0.27715002	0.78166492	0.77876393
P03372	ESR1	Estrogen Receptor-alpha	S	104	ESR1-S104	104	1	1.72078956837	0.78307068	2.07415364	0.03806504	-1.77911604
P03372	ESR1	Estrogen Receptor-alpha	S	106	ESR1-S106	106	1	-1.4459893311899998	-0.53205691	-1.40928245	0.15875167	-1.00109968
P03372	ESR1	Estrogen Receptor-alpha	S	118	ESR1-S118	118	0	-1.0313636655	-0.04455313	-0.11800982	0.90605988	1.31957651
P03372	ESR1	Estrogen Receptor-alpha	S	167	ESR1-S167	167	1	-1.6647795012	-0.73533111	-1.94770372	0.05145042	-1.63543047
P51813	BMX	ETK	Y	40	BMX-Y40	40	1	1.02216055341	0.03162182	0.08375811	0.93324876	1.50409269
P15311	EZR	Ezrin	Y	354	EZR-Y354	353	1	-1.05861686391	-0.08218054	-0.2176752	0.82768219	0.94638655
P15311	EZR	Ezrin	Y	478	EZR-Y478	478	0	1.0959708577399998	0.13220944	0.35018893	0.72619691	0.6019645
P15311	EZR	Ezrin	T	567	EZR-T567	566	1	1.07984858001	0.11082903	0.2935577	0.7690959	0.73672263
Q05397	PTK2	FAK	Y	397	PTK2-Y397	397	0	-1.10350606621	-0.14209456	-0.37637209	0.70664029	0.54412367
Q05397	PTK2	FAK	Y	407	PTK2-Y407	407	0	-1.09877040498	-0.13588996	-0.35993769	0.71889373	0.58013828
Q05397	PTK2	FAK	Y	576	PTK2-Y576	576	1	1.06542033071	0.09142272	0.24215535	0.80865979	0.87412102
Q05397	PTK2	FAK	Y	861	PTK2-Y861	861	1	1.10320185895	0.14169679	0.37531851	0.70742361	0.54640441
Q05397	PTK2	FAK	S	910	PTK2-S910	910	0	-1.12139029279	-0.16528849	-0.43780686	0.6615263	0.41699848
Q05397	PTK2	FAK	Y	925	PTK2-Y925	925	1	-1.14686137976	-0.19769102	-0.52363288	0.60053391	0.25493243
P25445	FAS	FAS	Y	291	FAS-Y291	291	0	-1.0093509171	-0.01342784	-0.0355669	0.9716277	1.91189854
P16591	FER	FER	Y	402	FER-Y402	402	0	1.18057841525	0.23949387	0.63435791	0.52584727	0.06488365
P11362	FGFR1	FGFR1	Y	154	FGFR1-Y154	154	-1	1.1515112299299999	0.20352848	0.53909481	0.58982144	0.2272645
P11362	FGFR1	FGFR1	Y	766	FGFR1-Y766	766	0	1.11256800642	0.15389352	0.40762452	0.68354936	0.47808666
P21333	FLNA	Filamin A	S	2152	FLNA-S2152	2152	1	-1.09136320957	-0.12613132	-0.33408954	0.73831199	0.63882283
Q12778	FOXO1	FKHR	S	256	FOXO1-S256	256	-1	-1.18828516415	-0.2488811	-0.65922226	0.50975305	0.02446803
Q12778	FOXO1	FKHR	S	319	FOXO1-S319	319	0	1.1788311919299999	0.23735714	0.62869826	0.52954662	0.07418604
Q12778	FOXO1	FKHR/FOXO1A	S	329	FOXO1-S329	329	0	-1.1631180589299999	-0.21799754	-0.57741964	0.56365601	0.16036821
O43524	FOXO3	FKHRL1/FOXO3A	S	253	FOXO3-S253	253	-1	1.36821840887	0.45229855	1.19802298	0.23090807	-0.73670955
P36888	FLT3	FLT3	Y	599	FLT3-Y599	599	1	-1.05891571647	-0.08258776	-0.21875383	0.82684181	0.94309031
P01100	FOS	Fos	T	232	FOS-T232	232	1	1.1908386017200001	0.25197789	0.66742489	0.50450077	0.01129045
P53539	FOSB	FosB	S	27	FOSB-S27	27	1	-1.10003394433	-0.13754804	-0.36432953	0.71561195	0.57042045
Q12778	FOXO1	FOXO1/3/4-pan	T	24	FOXO[1,4]-T24/T32	24/32	0	-1.05023524966	-0.07071252	-0.18729936	0.85142592	1.04419972
P98177	FOXO4	FOXO1/3/4-pan	T	32	FOXO[1,4]-T24/T32(2)	24/32	0	-1.05023524966	-0.07071252	-0.18729936	0.85142592	1.04419972
Q13283	G3BP1	G3BP-1	S	232	G3BP1-S232	232	0	1.2393934817	0.30963429	0.8201419	0.41213522	-0.2222303
Q13480	GAB1	Gab1	Y	627	GAB1-Y627	627	0	1.0998473805	0.13730334	0.36368138	0.71609595	0.57185021
Q13480	GAB1	Gab1	Y	659	GAB1-Y659	659	0	1.0559241219700002	0.07850617	0.20794273	0.83527369	0.97664326
Q9UQC2	GAB2	Gab2	S	159	GAB2-S159	159	0	-1.3645499778299999	-0.44842524	-1.18776357	0.23492657	-0.72354239
P18505	GABRB1	GABA-RB	S	434	GABRB1-S434	434	0	1.00930205162	0.01335799	0.0353819	0.97177522	1.91419476
P17677	GAP43	GAP43	S	41	GAP43-S41	41	0	1.04555730998	0.06427214	0.17024044	0.86482105	1.10406918
P15976	GATA1	GATA1	S	142	GATA1-S142	142	0	1.0295496678799998	0.04201343	0.11128281	0.91139208	1.35223243
P15976	GATA1	GATA1	S	310	GATA1-S310	310	0	1.1070561302600002	0.14672837	0.38864587	0.69753813	0.5178242
P42261	GRIA1	GluR1	S	849	GRIA1-S849	849	1	-1.0045710018	-0.00657954	-0.0174275	0.98609557	2.20962939
P42261	GRIA1	GluR1	S	863	GRIA1-S863	863	1	1.1286424262399999	0.17458849	0.46244018	0.64376569	0.3688562
P42262	GRIA2	GluR2	S	880	GRIA2-S880	880	0	-1.28107153828	-0.35735104	-0.94653136	0.34387763	-0.40225283
Q13322	GRB10	GRB10/Growth factor receptor-bound protein 10	Y	67	GRB10-Y67	67	0	1.1168546687899998	0.15944147	0.4223196	0.67279175	0.44803766
Q15835	GRK1	GRK1	S	21	GRK1-S21	21	-1	-1.27268682525	-0.34787745	-0.92143826	0.35682166	-0.36727926
P25098	ADRBK1	GRK2	S	29	ADRBK1-S29	29	1	-1.09744847984	-0.13415321	-0.3553375	0.72233677	0.59039297
P49840	GSK3A	GSK3 alpha	S	21	GSK3A-S21	21	-1	1.03844713624	0.05442778	0.14416523	0.88536999	1.20447199
P49841	GSK3B	GSK3 alpha/beta	Y	216	GSK[3A,3B]-Y216/Y279	216/279	1	-1.03060365607	-0.04348962	-0.11519285	0.90829227	1.33307586
P49840	GSK3A	GSK3 alpha/beta	Y	279	GSK[3A,3B]-Y216/Y279(2)	216/279	1	-1.03060365607	-0.04348962	-0.11519285	0.90829227	1.33307586
P49841	GSK3B	GSK3 beta	S	9	GSK3B-S9	9	-1	-1.08913508311	-0.1231829	-0.32627994	0.74421256	0.65709108
Q9H0H5	RACGAP1	GTPase activating protein	S	387	RACGAP1-S387	387	1	-1.01413047766	-0.02024328	-0.05361927	0.95723851	1.72460969
Q13547	HDAC1	HDAC1	S	421	HDAC1-S421	421	1	-1.02017936224	-0.02882282	-0.07634427	0.93914521	1.5515807
Q92769	HDAC2	HDAC2	S	394	HDAC2-S394	394	0	1.3093779163600001	0.38888155	1.03004761	0.30298766	-0.51631609
O15379	HDAC3	HDAC3	S	424	HDAC3-S424	424	1	-1.1992299660799999	-0.26210834	-0.69425784	0.48752052	-0.03130996
P56524	HDAC4	HDAC4	S	632	HDAC4-S632	632	0	1.15349044515	0.20600605	0.54565726	0.58530155	0.21564399
Q9UQL6	HDAC5	HDAC5	S	259	HDAC5-S259	259	-1	-1.17464989856	-0.23223083	-0.61511997	0.53847549	0.09666676
Q9UQL6	HDAC5	HDAC5	S	498	HDAC5-S498	498	-1	-1.1291695504	-0.17526213	-0.46422448	0.64248692	0.3654241
Q9UBN7	HDAC6	HDAC6	S	22	HDAC6-S22	22	0	-1.18319713017	-0.24269046	-0.64282485	0.52033776	0.05103958
Q9BY41	HDAC8	HDAC8	S	39	HDAC8-S39	39	-1	1.10749909431	0.14730552	0.39017458	0.69640745	0.51458256
P04626	ERBB2	HER2	Y	1221	ERBB2-Y1221/Y1222	1221/1222	1	1.17321593072	0.23046857	0.61045219	0.5415623	0.10444943
P04626	ERBB2	HER2	Y	1222	ERBB2-Y1221/Y1222(2)	1221/1222	1	1.17321593072	0.23046857	0.61045219	0.5415623	0.10444943
P04626	ERBB2	HER2	Y	1248	ERBB2-Y1248	1248	1	-1.01707625236	-0.02442785	-0.0647031	0.94841039	1.63410386
P04626	ERBB2	HER2	T	686	ERBB2-T686	686	-1	-1.1001894230299998	-0.13775194	-0.3648696	0.71520875	0.56923024
P04626	ERBB2	HER2	Y	877	ERBB2-Y877	877	0	1.11176862913	0.15285658	0.40487792	0.68556725	0.48377088
P21860	ERBB3	HER3/ErbB3	Y	1222	ERBB3-Y1222	1222	0	-1.39210246248	-0.4772654	-1.26415378	0.20617484	-0.8207929
P21860	ERBB3	HER3/ErbB3	Y	1289	ERBB3-Y1289	1289	0	-1.24427381825	-0.315304	-0.83515953	0.40362789	-0.24416134
Q15303	ERBB4	HER4/ErbB4	Y	1284	ERBB4-Y1284	1284	0	1.25590267168	0.32872466	0.87070742	0.38391392	-0.2954577
P16104	H2AFX	Histone H2A.X	S	140	H2AFX-S140	139	0	1.23589527945	0.30555651	0.80934091	0.41831908	-0.20635652
P68431	HIST1H3A	Histone H3.1	S	11	Histone H3-S11	10	0	-1.1480323720999999	-0.19916332	-0.52753262	0.59782377	0.24791507
Q71DI3	HIST2H3A	Histone H3.1	S	11	Histone H3-S11(2)	10	0	-1.1480323720999999	-0.19916332	-0.52753262	0.59782377	0.24791507
P84243	H3F3A	Histone H3.1	S	11	Histone H3-S11(3)	10	0	-1.1480323720999999	-0.19916332	-0.52753262	0.59782377	0.24791507
P41235	HNF4A	HNF4 alpha	S	313	HNF4A-S313	313	-1	1.3115171102399998	0.39123663	1.03628561	0.30006892	-0.52470287
O14964	HGS	HRS	Y	334	HGS-Y334	334	0	-1.17205821206	-0.22904423	-0.60667948	0.54406364	0.11076061
Q00613	HSF1	HSF1	S	303	HSF1-S303	303	-1	1.01373109506	0.01967501	0.05211406	0.95843781	1.73804574
Q05469	LIPE	HSL	S	552	LIPE-S552/S853	552/563	1	-1.22715554501	-0.29531813	-0.78222206	0.43408408	-0.16611347
Q05469	LIPE	HSL	S	853	LIPE-S552/S853(2)	552/563	1	-1.22715554501	-0.29531813	-0.78222206	0.43408408	-0.16611347
Q05469	LIPE	HSL	S	554	LIPE-S554	554	1	1.1106622963500001	0.15142022	0.40107338	0.6883661	0.49168105
P04792	HSPB1	HSP27	S	15	HSPB1-S15	15	0	1.10623663248	0.14566002	0.38581608	0.69963288	0.52384433
P04792	HSPB1	HSP27	S	78	HSPB1-S78	78	0	-1.13593907059	-0.18388545	-0.48706546	0.62621194	0.32210308
P04792	HSPB1	HSP27	S	82	HSPB1-S82	82	0	1.44666828822	0.53273416	1.41107631	0.15822211	-1.00329629
Q16543	CDC37	HSP90 co-chaperone Cdc37	S	13	CDC37-S13	13	0	-1.09302528019	-0.12832677	-0.33990474	0.73392827	0.62538805
P08238	HSP90AB1	HSP90B	S	226	HSP90AB1-S226	226	1	1.52033366162	0.60438798	1.60086893	0.10940595	-1.23201019
P08238	HSP90AB1	HSP90B	S	255	HSP90AB1-S255	254	1	1.00190291921	0.00274272	0.00726477	0.9942036	2.53830509
P05362	ICAM1	ICAM-1	Y	512	ICAM1-Y512	512	0	1.24033911959	0.31073462	0.82305641	0.41047592	-0.22649907
P08069	IGF1R	IGF1R	Y	1161	IGF1R-Y1161	1161	1	-1.20515948405	-0.26922408	-0.71310561	0.47578041	-0.06079251
P08069	IGF1R	IGF1R	Y	1165	IGF1R-Y1165/Y1166	1165/1166	1	-1.15947296683	-0.21346918	-0.56542518	0.5717846	0.18105936
P08069	IGF1R	IGF1R	Y	1166	IGF1R-Y1165/Y1166(2)	1165/1166	1	-1.15947296683	-0.21346918	-0.56542518	0.5717846	0.18105936
P11717	IGF2R	IGF2R	S	2409	IGF2R-S2409	2409	0	-1.26133577515	-0.33495238	-0.88720305	0.37496959	-0.31898249
P25963	NFKBIA	IkB-alpha	S	32	NFKBIA-S32/S36	32/36	0	-1.3074935838600001	-0.38680387	-1.02454435	0.30557823	-0.50890265
P25963	NFKBIA	IkB-alpha	S	36	NFKBIA-S32/S36(2)	32/36	0	-1.3074935838600001	-0.38680387	-1.02454435	0.30557823	-0.50890265
P25963	NFKBIA	IkB-alpha	Y	42	NFKBIA-Y42	42	0	1.13720347239	0.18549041	0.49131658	0.62320256	0.31416102
O00221	NFKBIE	IkB-epsilon	S	161	NFKBIE-S161	22	-1	-1.30086409217	-0.37947024	-1.00511947	0.31483933	-0.48262433
O15111	CHUK	IKK-alpha	T	23	CHUK-T23	23	1	1.00793105779	0.01139696	0.03018763	0.97591741	1.98318759
O15111	CHUK	IKK-alpha/beta	S	180	CHUK/IKBKB-S180/S181	180/181	1	1.0042639794600001	0.00613854	0.01625943	0.98702742	2.23700898
O14920	IKBKB	IKK-alpha/beta	S	181	CHUK/IKBKB-S180/S181(2)	180/181	1	1.0042639794600001	0.00613854	0.01625943	0.98702742	2.23700898
O14920	IKBKB	IKK-alpha/beta	S	181	CHUK/IKBKB-S180/S181(3)	180/181	1	1.0042639794600001	0.00613854	0.01625943	0.98702742	2.23700898
O14920	IKBKB	IKK-beta	Y	188	IKBKB-Y188	188	1	-1.32627325395	-0.40737805	-1.07904008	0.28056986	-0.58173186
O14920	IKBKB	IKK-beta	Y	199	IKBKB-Y199	199	1	-1.43068062264	-0.51670165	-1.3686103	0.17112112	-0.95109822
Q9Y6K9	IKBKG	IKK-gamma	S	31	IKBKG-S31	31	0	-1.1744278401100001	-0.23195807	-0.61439751	0.53895268	0.09786948
Q9Y6K9	IKBKG	IKK-gamma	S	85	IKBKG-S85	85	1	-1.1781111037	-0.2364756	-0.62636329	0.53107668	0.07803539
Q13651	IL10RA	IL-10R-alpha	Y	496	IL10RA-Y496	496	0	-1.19651254618	-0.25883552	-0.685589	0.49297232	-0.01762988
P78552	IL13RA1	IL-13R/CD213a1	Y	405	IL13RA1-Y405	405	0	1.2221430316500002	0.28941314	0.76658126	0.44333052	-0.14263933
P01589	IL2RA	IL-2RA/CD25	S	268	IL2RA-S268	268	0	-1.17148298089	-0.228336	-0.60480356	0.54530953	0.11390576
P32927	CSF2RB	IL3RB	Y	593	CSF2RB-Y593	593	1	1.06056776669	0.08483681	0.22471097	0.82220413	0.92508085
P24394	IL4R	IL-4R/CD124	Y	497	IL4R-Y497	497	1	1.04589139261	0.06473305	0.17146126	0.86386109	1.09964722
P05556	ITGB1	Integrin beta-1	T	788	ITGB1-T788	788	1	1.00107667807	0.00155248	0.00411213	0.99671901	2.73546146
P05106	ITGB3	Integrin beta-3	Y	773	ITGB3-Y773	773	0	-1.04537236939	-0.06401693	-0.16956445	0.86535268	1.10652738
P05106	ITGB3	Integrin beta-3	Y	785	ITGB3-Y785	785	-1	1.04696489634	0.06621307	0.17538146	0.86077991	1.0855971
P16144	ITGB4	Integrin beta-4	Y	1510	ITGB4-Y1510	1510	0	-1.07128627412	-0.09934406	-0.26313695	0.79244502	0.81595052
P17181	IFNAR1	Interferon-alpha/beta receptor alpha chain	Y	466	IFNAR1-Y466	466	1	1.14846471059	0.19970653	0.52897143	0.59682527	0.24533276
P15260	IFNGR1	Interferon-gamma receptor alpha chain precursor	Y	457	IFNGR1-Y457	457	0	-1.2391096377	-0.30930384	-0.81926665	0.4126343	-0.22094714
P06213	INSR	IR	Y	1361	INSR-Y1361	1361	1	-1.06803134126	-0.09495398	-0.25150878	0.80142078	0.84779648
P35568	IRS1	IRS-1	S	307	IRS1-S307	307	0	-1.1096082571700001	-0.15005043	-0.39744515	0.69103923	0.4992648
P35568	IRS1	IRS-1	S	312	IRS1-S312	312	-1	1.06258226212	0.08757453	0.23196251	0.81656713	0.90358688
P35568	IRS1	IRS-1	S	323	IRS1-S323	323	0	-1.2758580684999998	-0.35146785	-0.93094829	0.35188031	-0.38057491
P35568	IRS1	IRS-1	S	636	IRS1-S636	636	0	1.39066793911	0.47577798	1.26021398	0.20759218	-0.81582025
P35568	IRS1	IRS-1	S	639	IRS1-S639	639	-1	-1.0951416188299998	-0.13111744	-0.34729652	0.72836856	0.60851001
P35568	IRS1	IRS-1	S	794	IRS1-S794	794	0	-1.0710344901100002	-0.09900494	-0.26223872	0.7931374	0.81837741
P23458	JAK1	JAK1	Y	1034	JAK1-Y1034	1022	0	1.0306973289399999	0.04362074	0.11554016	0.90801699	1.33139815
O60674	JAK2	JAK2	Y	1007	JAK2-Y1007	1007	0	1.1967469238700001	0.2591181	0.68633746	0.49250033	-0.01881407
O60674	JAK2	JAK2	Y	221	JAK2-Y221	221	1	1.0147398001	0.02110984	0.05591455	0.95540988	1.70470027
P45983	MAPK8	JNK1/2/3	T	183	MAPK[8,9,10]-T183/Y185	183/185	0	-1.12979394946	-0.17605968	-0.46633699	0.64097431	0.36136996
P45984	MAPK9	JNK1/2/3	T	183	MAPK[8,9,10]-T183/Y185(2)	183/185	1	-1.12979394946	-0.17605968	-0.46633699	0.64097431	0.36136996
P53779	MAPK10	JNK1/2/3	T	183	MAPK[8,9,10]-T183/Y185(3)	183/185	0	-1.12979394946	-0.17605968	-0.46633699	0.64097431	0.36136996
P45983	MAPK8	JNK1/2/3	Y	185	MAPK[8,9,10]-T183/Y185(4)	183/185	0	-1.12979394946	-0.17605968	-0.46633699	0.64097431	0.36136996
P45984	MAPK9	JNK1/2/3	Y	185	MAPK[8,9,10]-T183/Y185(5)	183/185	1	-1.12979394946	-0.17605968	-0.46633699	0.64097431	0.36136996
P53779	MAPK10	JNK1/2/3	Y	185	MAPK[8,9,10]-T183/Y185(6)	183/185	0	-1.12979394946	-0.17605968	-0.46633699	0.64097431	0.36136996
P17275	JUNB	JunB	S	259	JUNB-S259	259	-1	1.09642797786	0.13281105	0.35178244	0.72500143	0.59837223
P17275	JUNB	JunB	S	79	JUNB-S79	79	1	1.08261600372	0.11452162	0.30333843	0.76163196	0.71236504
P17535	JUND	JunD	S	255	JUND-S255	255	0	-1.4895491107499998	-0.57487569	-1.52269843	0.12783417	-1.13864247
P05783	KRT18	Keratin 18	S	34	KRT18-S34	33	0	1.3554996742899998	0.43882477	1.16233439	0.24509966	-0.69075493
P05783	KRT18	Keratin 18	S	53	KRT18-S53	52	0	1.07369955659	0.10259035	0.27173557	0.78582535	0.79298534
P05787	KRT8	Keratin 8	S	432	KRT8-S432	431	0	-1.19345602892	-0.25514541	-0.67581484	0.49915821	-0.00211163
P05787	KRT8	Keratin 8	S	74	KRT8-S74	73	1	1.5431320884399997	0.62586156	1.65774694	0.09736856	-1.29930007
P10721	KIT	KIT	Y	721	KIT-Y721	721	1	1.46940846128	0.55523549	1.47067657	0.14137861	-1.07588056
P10721	KIT	KIT	Y	936	KIT-Y936	936	-1	1.07150718071	0.09964152	0.26392486	0.79183782	0.81382615
Q8IVT5	KSR1	KSR	S	406	KSR1-S406	392	-1	1.15151387396	0.20353179	0.53910358	0.58981539	0.22724891
P22001	KCNA3	Kv1.3/KCNA3	Y	187	KCNA3-Y187	135	1	-1.09728304289	-0.13393572	-0.3547614	0.72276835	0.59168276
P02545	LMNA	Lamin A	S	22	LMNA-S22	22	1	-1.12884097339	-0.17484226	-0.46311235	0.64328384	0.36756243
P02545	LMNA	Lamin A/C	S	392	LMNA-S392	392	1	-1.07692043346	-0.10691166	-0.28318161	0.77703763	0.76312964
O43561	LAT	LAT	Y	171	LAT-Y171	171	1	-1.20324759217	-0.26693354	-0.70703856	0.47954252	-0.05134031
O43561	LAT	LAT	Y	191	LAT-Y191	191	1	-1.03470291723	-0.0492166	-0.13036217	0.89627989	1.26308346
P06239	LCK	LCK	Y	192	LCK-Y192	192	-1	-1.03375880031	-0.04789961	-0.1268738	0.89904028	1.27861774
P06239	LCK	LCK	Y	394	LCK-Y394	393	1	1.6637039920899999	0.73439877	1.94523421	0.0517468	-1.63260908
P06239	LCK	LCK	Y	505	LCK-Y505	504	0	-1.4128661643399998	-0.49862481	-1.32072939	0.18659161	-0.89172328
P06239	LCK	LCK	S	59	LCK-S59	59	-1	-1.19497889017	-0.25698513	-0.68068778	0.49606907	-0.00986092
P53667	LIMK1	LIMK1	T	508	LIMK1-T508	508	1	1.26445873395	0.33851995	0.89665264	0.3699043	-0.33238297
Q15831	STK11	LKB1	T	189	STK11-T189	189	0	1.2630291639	0.33688795	0.89232988	0.37221614	-0.3262596
Q15831	STK11	LKB1	S	428	STK11-S428	428	1	1.15865231455	0.21244771	0.56271956	0.57362586	0.18575676
P07948	LYN	LYN	Y	508	LYN-Y508	507	-1	-1.0448218545799999	-0.06325698	-0.16755153	0.8669361	1.11388889
O43318	MAP3K7	MAP3K7/TAK1	T	184	MAP3K7-T184	184	1	1.0139434111799999	0.01997714	0.05291432	0.95780018	1.73086354
P41279	MAP3K8	MAP3K8/COT	T	290	MAP3K8-T290	290	0	-1.15889415496	-0.21274881	-0.56351709	0.57308283	0.18437095
P49137	MAPKAPK2	MAPKAPK2	S	272	MAPKAPK2-S272	272	1	-1.0269872287000001	-0.03841824	-0.10176008	0.91894711	1.40112291
P29966	MARCKS	MARCKS	S	159	MARCKS-S159	158	0	-1.50239139099	-0.5872607	-1.55550315	0.11982628	-1.17795649
P29966	MARCKS	MARCKS	S	163	MARCKS-S163	163	0	1.0851882271700002	0.1179453	0.31240689	0.75473132	0.69021651
P07333	CSF1R	M-CSF Receptor	Y	561	CSF1R-Y561	561	0	1.0123577797	0.01771925	0.04693374	0.96256603	1.78685365
P07333	CSF1R	M-CSF Receptor	Y	809	CSF1R-Y809	809	1	-1.0511268975299999	-0.07193685	-0.19054229	0.84888421	1.03325621
Q00987	MDM2	MDM2	S	166	MDM2-S166	166	1	-1.6029075338799998	-0.6806912	-1.80297662	0.07139189	-1.46896396
Q02078	MEF2A	MEF2A	T	312	MEF2A-T312	312	1	2.23536260812	1.16050888	3.07389072	0.00211287	-2.88059202
Q02078	MEF2A	MEF2A	T	319	MEF2A-T319	319	1	1.39045002933	0.4755519	1.25961515	0.20780823	-0.81506404
Q02078	MEF2A	MEF2A	S	408	MEF2A-S408	408	0	-1.0100857654100002	-0.0144778	-0.03834797	0.96941024	1.87853017
Q06413	MEF2C	MEF2C	S	396	MEF2C-S396	396	0	-1.0287761431	-0.04092909	-0.10841068	0.91366993	1.36663129
Q02750	MAP2K1	MEK1	S	218	MAP2K1-S218	217	1	1.2282173645299999	0.29656591	0.78552711	0.43214458	-0.17104855
Q02750	MAP2K1	MEK1	S	222	MAP2K1-S222	221	1	1.4850896017700002	0.57054998	1.51124073	0.13072713	-1.12486429
Q02750	MAP2K1	MEK1	T	286	MAP2K1-T286	286	-1	1.6818453054499998	0.75004501	1.9866771	0.04695819	-1.67987657
Q02750	MAP2K1	MEK1	T	292	MAP2K1-T292	291	-1	-1.15232903331	-0.20455272	-0.54180775	0.58795095	0.22245188
Q02750	MAP2K1	MEK1	S	298	MAP2K1-S298	298	1	1.30256802778	0.38135872	1.01012156	0.31243706	-0.48940802
P36507	MAP2K2	MEK2	T	394	MAP2K2-T394	394	0	1.1044611627399998	0.14334269	0.37967806	0.70418441	0.53699125
P35240	NF2	Merlin	S	10	NF2-S10	10	0	-1.17587567068	-0.23373553	-0.61910553	0.53584684	0.09004387
P35240	NF2	Merlin	S	518	NF2-S518	518	-1	1.32714679839	0.40832796	1.08155616	0.27944979	-0.5850642
P08581	MET	Met	Y	1003	MET-Y1003	1003	0	-1.05799241459	-0.08132928	-0.21542044	0.82943954	0.95331296
P08581	MET	Met	Y	1234	MET-Y1234	1234	1	-1.23535368703	-0.30492415	-0.80766596	0.4192829	-0.20388721
P08581	MET	Met	Y	1349	MET-Y1349	1349	1	1.05091918105	0.07165173	0.18978707	0.84947599	1.03579309
O75030	MITF	MITF	S	73	MITF-S73	73	0	-1.20762280065	-0.2721699	-0.72090834	0.47096591	-0.07289687
P46734	MAP2K3	MKK3/MAP2K3	S	189	MAP2K3-S189	189	0	1.0382120148799998	0.05410109	0.14329992	0.88605332	1.2080222
P46734	MAP2K3	MKK3/MAP2K3	T	222	MAP2K3-T222	222	1	-1.25920113987	-0.33250875	-0.8807305	0.3784637	-0.30977215
P45985	MAP2K4	MKK4/SEK1	S	257	MAP2K4-S257	257	1	-1.1916889210600001	-0.25300768	-0.67015254	0.50276056	0.00692492
P45985	MAP2K4	MKK4/SEK1	T	261	MAP2K4-T261	261	1	1.13018831912	0.17656318	0.46767064	0.64002014	0.35881563
P45985	MAP2K4	MKK4/SEK1	S	80	MAP2K4-S80	80	-1	-1.06444009062	-0.09009475	-0.23863792	0.81138636	0.88419445
P52564	MAP2K6	MKK6/MAP2K6	S	207	MAP2K6-S207	207	1	1.00891345219	0.01280242	0.03391033	0.97294865	1.93282649
O14733	MAP2K7	MKK7/MAP2K7	S	271	MAP2K7-S271	271	1	1.3569358350299998	0.4403525	1.16638097	0.24346045	-0.69598713
P28562	DUSP1	MKP-1	S	359	DUSP1-S359	359	1	-1.04192517189	-0.05925167	-0.1569425	0.87529017	1.15376937
P28562	DUSP1	MKP-1/2	S	296	DUSP[1,4]-S296/S318	296/318	-1	-1.06532058618	-0.09128764	-0.24179759	0.80893701	0.87514117
P28562	DUSP1	MKP-1/2	S	318	DUSP[1,4]-S296/S318(2)	296/318	0	-1.06532058618	-0.09128764	-0.24179759	0.80893701	0.87514117
Q13115	DUSP4	MKP-1/2	S	318	DUSP[1,4]-S296/S318(3)	296/318	0	-1.06532058618	-0.09128764	-0.24179759	0.80893701	0.87514117
Q9BUB5	MKNK1	Mnk1	T	385	MKNK1-T385	385	1	1.24083561268	0.311312	0.82458573	0.40960682	-0.22873658
O75582	RPS6KA5	MSK1	S	360	RPS6KA5-S360	360	1	1.18561737566	0.2456385	0.65063345	0.51528313	0.03834724
O75582	RPS6KA5	MSK1	S	376	RPS6KA5-S376	376	1	-1.12985894581	-0.17614267	-0.46655682	0.64081699	0.36094864
O75582	RPS6KA5	MSK1	T	581	RPS6KA5-T581	581	1	1.14588222744	0.19645877	0.52036896	0.60280644	0.2608264
Q13043	STK4	Mst1/Mst2	T	183	STK4-T183	183	1	1.05421000511	0.07616229	0.20173439	0.84012437	0.99645339
P42345	MTOR	mTOR	T	2446	MTOR-T2446	2446	0	-1.40916634073	-0.49484192	-1.31070948	0.18995593	-0.87922414
P42345	MTOR	mTOR	S	2448	MTOR-S2448	2448	1	1.03496644747	0.049584	0.13133531	0.89551006	1.25880504
P42345	MTOR	mTOR	S	2481	MTOR-S2481	2481	1	-1.06624383465	-0.0925374	-0.24510787	0.80637291	0.86574003
P01106	MYC	Myc	T	358	MYC-T358	358	-1	-1.17179658627	-0.22872215	-0.60582639	0.54463005	0.11219031
P01106	MYC	Myc	S	373	MYC-S373	373	-1	-1.0265949757100001	-0.0378671	-0.10030026	0.92010595	1.4089234
P01106	MYC	Myc	T	58	MYC-T58	58	0	1.1380239754700001	0.18653095	0.49407271	0.62125483	0.30903138
P01106	MYC	Myc	S	62	MYC-S62	62	0	1.18173774061	0.2409099	0.6381086	0.52340299	0.05874037
P24844	MYL9	Myosin regulatory light chain 2	S	20	MYL[9,12B]-S20	18	1	1.2303716690000002	0.29909419	0.79222388	0.42823014	-0.18102176
O14950	MYL12B	Myosin regulatory light chain 2	S	20	MYL[9,12B]-S20(2)	18	1	1.2303716690000002	0.29909419	0.79222388	0.42823014	-0.18102176
Q12968	NFATC3	NFAT4	S	165	NFATC3-S165	165	0	1.0566894282600001	0.07955142	0.21071132	0.83311254	0.96793956
Q00653	NFKB2	NFkB-p100/p52	S	866	NFKB2-S866	865	0	1.0064453819499999	0.00926888	0.02455089	0.98041319	2.0704991
Q00653	NFKB2	NFkB-p100/p52	S	870	NFKB2-S870	869	0	1.10692438184	0.14655667	0.38819107	0.69787464	0.51879002
P19838	NFKB1	NFkB-p105/p50	S	337	NFKB1-S337	337	0	1.22421817204	0.29186069	0.7730642	0.43948439	-0.15239327
P19838	NFKB1	NFkB-p105/p50	S	893	NFKB1-S893	893	1	1.31141138579	0.39112033	1.03597755	0.30021262	-0.5242891
P19838	NFKB1	NFkB-p105/p50	S	907	NFKB1-S907	907	1	1.1091868823	0.14950246	0.39599372	0.69210966	0.50230972
P19838	NFKB1	NFkB-p105/p50	S	927	NFKB1-S927	927	-1	-1.32040846469	-0.40098429	-1.06210467	0.28818817	-0.5592347
P19838	NFKB1	NFkB-p105/p50	S	932	NFKB1-S932	932	-1	1.25136310935	0.32350048	0.85686989	0.39151679	-0.27558977
Q04206	RELA	NFkB-p65	T	254	RELA-T254	254	1	1.3370388650299998	0.4190414	1.10993333	0.26702776	-0.62247316
Q04206	RELA	NFkB-p65	S	276	RELA-S276	276	1	-1.21737090884	-0.2837688	-0.75163084	0.45227309	-0.12001152
Q04206	RELA	NFkB-p65	S	311	RELA-S311	311	0	1.01910019671	0.0272959	0.07229985	0.94236328	1.57904003
Q04206	RELA	NFkB-p65	T	435	RELA-T435	435	0	-1.0794452833600001	-0.11029012	-0.29213026	0.77018703	0.74031999
Q04206	RELA	NFkB-p65	S	468	RELA-S468	468	0	-1.1590419403499999	-0.21293277	-0.56400436	0.57275116	0.18352473
Q04206	RELA	NFkB-p65	T	505	RELA-T505	505	0	1.12573129191	0.1708625	0.452571	0.65085769	0.38797102
Q04206	RELA	NFkB-p65	S	529	RELA-S529	529	1	1.01467168563	0.02101299	0.05565804	0.95561423	1.70689197
Q04206	RELA	NFkB-p65	S	536	RELA-S536	536	0	-1.32893069566	-0.41026587	-1.08668919	0.27717419	-0.59185455
Q05586	GRIN1	NMDAR1	S	897	GRIN1-S897	897	1	1.16393675635	0.21901267	0.58010846	0.56184148	0.15575906
Q13224	GRIN2B	NMDAR2B	Y	1474	GRIN2B-Y1474	1472	1	-1.2207654409200002	-0.28778603	-0.76227146	0.445898	-0.13613571
P35372	OPRM1	Opioid Receptor	S	377	OPRM1-S377	375	-1	1.2137842567200001	0.27951201	0.74035572	0.45908418	-0.10281896
P56945	BCAR1	p130Cas	Y	165	BCAR1-Y165	165	0	-1.6919898767299997	-0.75872094	-2.00965739	0.04446746	-1.70601485
P56945	BCAR1	p130Cas	Y	410	BCAR1-Y410	410	0	-1.0606006427099999	-0.08488153	-0.22482942	0.82211198	0.92472603
P38936	CDKN1A	p21Cip1	T	145	CDKN1A-T145	145	1	-1.27736374188	-0.35316941	-0.93545528	0.34955372	-0.38685835
P46527	CDKN1B	p27Kip1	S	10	CDKN1B-S10	10	0	-1.0896126352600002	-0.12381534	-0.32795511	0.7429456	0.6531502
P46527	CDKN1B	p27Kip1	T	187	CDKN1B-T187	187	0	-1.23966672425	-0.30995231	-0.82098428	0.41165522	-0.22346472
Q16539	MAPK14	p38 MAPK	T	180	MAPK14-T180	180	1	-1.04417217442	-0.06235962	-0.16517465	0.86880651	1.12266309
Q16539	MAPK14	p38 MAPK	Y	182	MAPK14-Y182	182	1	1.43993188905	0.52600057	1.39324076	0.163547	-0.98142412
Q16539	MAPK14	p38 MAPK	Y	323	MAPK14-Y323	322	1	1.6320495429799997	0.70668485	1.87182714	0.06123052	-1.54844968
P27361	MAPK3	p44/42 MAPK	T	202	MAPK[1,3]-T202	202	0	1.2816791623200001	0.35803516	0.94834343	0.34295465	-0.40476508
P27361	MAPK3	p44/42 MAPK	Y	204	MAPK[1,3]-Y204/Y205	204	0	1.3084299744299999	0.38783672	1.0272801	0.30428859	-0.5125897
P28482	MAPK1	p44/42 MAPK	Y	205	MAPK[1,3]-Y204/Y205(2)	204	0	1.3084299744299999	0.38783672	1.0272801	0.30428859	-0.5125897
P04637	TP53	p53	S	15	TP53-S15	15	0	-1.0588675747	-0.08252217	-0.2185801	0.82697716	0.94362049
P04637	TP53	p53	T	18	TP53-T18	18	1	1.24916833396	0.3209679	0.85016175	0.39523516	-0.26591294
P04637	TP53	p53	S	20	TP53-S20	20	0	-1.4222401903100002	-0.50816513	-1.34599925	0.17830276	-0.92313063
P04637	TP53	p53	S	315	TP53-S315	315	0	1.4388734402399999	0.5249397	1.39043079	0.1643981	-0.97797156
P04637	TP53	p53	S	33	TP53-S33	33	1	1.1604700066	0.21470924	0.56870976	0.56955312	0.17537181
P04637	TP53	p53	S	37	TP53-S37	37	1	-1.35858322539	-0.44210295	-1.17101745	0.24159176	-0.70197516
P04637	TP53	p53	S	378	TP53-S378	378	1	-1.4866862765399997	-0.57210024	-1.51534697	0.12968456	-1.12980501
P04637	TP53	p53	S	392	TP53-S392	392	0	-1.31117341304	-0.39085851	-1.03528405	0.30053627	-0.52335748
P04637	TP53	p53	S	46	TP53-S46	46	1	1.45006991188	0.53612246	1.42005105	0.15559282	-1.01427518
P04637	TP53	p53	S	6	TP53-S6	6	1	1.2621722617	0.33590882	0.88973642	0.37360743	-0.32258041
P04637	TP53	p53	S	9	TP53-S9	9	0	-1.11394457122	-0.15567745	-0.41234968	0.68008314	0.46835854
P23443	RPS6KB1	P70S6K	T	229	RPS6KB1-T229	229	1	-1.23729058525	-0.30718437	-0.81365269	0.41584394	-0.21270364
P23443	RPS6KB1	P70S6K	S	371	RPS6KB1-S371	371	0	1.04223524045	0.05968094	0.15807953	0.87439413	1.14940422
P23443	RPS6KB1	P70S6K	S	411	RPS6KB1-S411	411	0	-1.05740672783	-0.08053041	-0.21330443	0.83108952	0.9598581
P23443	RPS6KB1	P70S6K	S	418	RPS6KB1-S418	418	0	-1.32700218738	-0.40817075	-1.08113975	0.27963495	-0.58451288
P23443	RPS6KB1	P70S6K	T	421	RPS6KB1-T421	421	1	1.0451099898799998	0.06365478	0.16860521	0.86610718	1.11002764
P23443	RPS6KB1	P70S6K	S	424	RPS6KB1-S424	424	1	1.2900882639700002	0.36746977	0.97333329	0.33038768	-0.43923491
Q9UBS0	RPS6KB2	P70S6K-beta	S	423	RPS6KB2-S423	423	1	1.07697826266	0.10698913	0.2833868	0.77688035	0.76260152
O15350	TP73	P73	Y	99	TP73-Y99	99	1	1.0454731912200002	0.06415607	0.16993299	0.86506284	1.10518636
Q15418	RPS6KA1	P90RSK	T	359	RPS6KA1-T359/S363	359/363	1	-1.40718186685	-0.4928088	-1.30532426	0.19178246	-0.87249549
Q15418	RPS6KA1	P90RSK	S	363	RPS6KA1-T359/S363(2)	359/363	1	-1.40718186685	-0.4928088	-1.30532426	0.19178246	-0.87249549
Q15418	RPS6KA1	P90RSK	S	380	RPS6KA1-S380	380	1	-1.0532130154000001	-0.07479726	-0.19811877	0.84295214	1.0081845
Q15418	RPS6KA1	P90RSK	T	573	RPS6KA1-T573	573	1	-1.30197774992	-0.38070479	-1.00838947	0.31326753	-0.48706035
O60934	NBN	P95/NBS1	S	343	NBN-S343	343	1	1.45473204945	0.54075344	1.43231734	0.15205302	-1.02925199
Q13153	PAK1	PAK1	S	204	PAK1-S204	204	1	-1.16840603822	-0.22454172	-0.59475349	0.55200826	0.13083642
Q13153	PAK1	PAK1	T	212	PAK1-T212	212	0	1.13112221158	0.17775481	0.47082696	0.63776431	0.35278603
Q13153	PAK1	PAK1/2	S	199	PAK1-S199	199	1	-1.14729671287	-0.19823855	-0.52508313	0.5995254	0.25231966
Q13177	PAK2	PAK1/2/3	S	141	PAK[1,2,3]-S141/S142	141	1	-1.01696095755	-0.02426429	-0.0642699	0.94875532	1.63739678
O75914	PAK3	PAK1/2/3	S	142	PAK[1,2,3]-S141/S142(2)	141	0	-1.01696095755	-0.02426429	-0.0642699	0.94875532	1.63739678
Q13153	PAK1	PAK1/2/3	T	423	PAK[1,2,3]-T402/T421/T423	423/402/421	1	-1.13011312899	-0.1764672	-0.4674164	0.64020199	0.35930227
Q13177	PAK2	PAK1/2/3	T	402	PAK[1,2,3]-T402/T421/T423(2)	423/402/421	0	-1.13011312899	-0.1764672	-0.4674164	0.64020199	0.35930227
O75914	PAK3	PAK1/2/3	T	421	PAK[1,2,3]-T402/T421/T423(3)	423/402/421	0	-1.13011312899	-0.1764672	-0.4674164	0.64020199	0.35930227
Q13177	PAK2	PAK2	S	192	PAK2-S192	192	0	1.3632772511500002	0.44707899	1.18419772	0.2363348	-0.71895781
O75914	PAK3	PAK3	S	154	PAK3-S154	154	1	1.17116162378	0.22794019	0.60375516	0.54600644	0.11566554
P49023	PXN	Paxillin	Y	118	PXN-Y118	118	0	1.0730996508700001	0.10178405	0.26959989	0.78746809	0.79864497
P49023	PXN	Paxillin	Y	31	PXN-Y31	31	0	1.24428742368	0.31531978	0.83520132	0.40360437	-0.24422214
P16234	PDGFRA	PDGFR alpha	Y	849	PDGFRA-Y849	849	0	1.2580924739200001	0.33123797	0.87736452	0.38028868	-0.3049721
P09619	PDGFRB	PDGFR beta	Y	1021	PDGFRB-Y1021	1021	1	-1.2589663578599999	-0.33223973	-0.88001794	0.37884959	-0.30875659
P09619	PDGFRB	PDGFR beta	Y	740	PDGFRB-Y740	740	1	1.112043846	0.15321367	0.40582377	0.68487209	0.48181093
P09619	PDGFRB	PDGFR beta	Y	751	PDGFRB-Y751	751	1	-1.09092552726	-0.12555262	-0.33255672	0.73946892	0.6423877
O15530	PDPK1	PDK1	S	241	PDPK1-S241	241	1	1.93011298259	0.9486853	2.51282433	0.0119769	-2.26822067
Q15121	PEA15	PEA-15	S	116	PEA15-S116	116	1	1.10559342863	0.14482095	0.38359359	0.70127969	0.5285905
P16284	PECAM1	PECAM-1	Y	713	PECAM1-Y713	713	1	-1.12096684221	-0.1647436	-0.4363636	0.66257294	0.41986488
P27986	PIK3R1	PI3-kinase p85-subunit alpha/gamma	Y	467	PIK3R[1,3]-Y199/Y200/Y467	467/199	0	1.3479357742700002	0.43075176	1.14095106	0.25389029	-0.66301135
P27986	PIK3R1	PI3-kinase p85-subunit alpha/gamma	Y	200	PIK3R[1,3]-Y199/Y200/Y467(2)	467/199	0	1.3479357742700002	0.43075176	1.14095106	0.25389029	-0.66301135
Q92569	PIK3R3	PI3-kinase p85-subunit alpha/gamma	Y	199	PIK3R[1,3]-Y199/Y200/Y467(3)	467/199	0	1.3479357742700002	0.43075176	1.14095106	0.25389029	-0.66301135
P11309	PIM1	Pim-1	Y	309	PIM1-Y309	309	0	-1.12592291881	-0.17110806	-0.45322143	0.65038931	0.3867043
P17612	PRKACA	PKA CAT	T	198	PRKACA-T198	197	1	1.23690214612	0.30673137	0.81245282	0.41653185	-0.21093876
P17252	PRKCA	PKC alpha	Y	658	PRKCA-Y658	657	0	-1.13773069387	-0.18615911	-0.49308778	0.62195056	0.31086276
P17252	PRKCA	PKC alpha/beta II	T	638	PRKCA-T638	638	0	1.32498207469	0.40597284	1.07531806	0.28223235	-0.57679762
P05771	PRKCB	PKC beta/PKCB	S	661	PRKCB-S661	661	0	-1.00638088963	-0.00917643	-0.02430602	0.98060851	2.07466564
Q05655	PRKCD	PKC delta	T	507	PRKCD-T507	505	1	-1.31609276339	-0.39626118	-1.04959435	0.29390466	-0.54253864
Q05655	PRKCD	PKC delta	S	645	PRKCD-S645	645	1	1.09215918174	0.12718314	0.33687557	0.73621071	0.63236876
Q02156	PRKCE	PKC epsilon	S	729	PRKCE-S729	729	1	-1.20868861732	-0.27344262	-0.72427946	0.46889418	-0.07810869
Q04759	PRKCQ	PKC theta	S	676	PRKCQ-S676	676	1	1.0007884362700001	0.00113702	0.00301169	0.99759702	2.83877061
Q05513	PRKCZ	PKC zeta	T	410	PRKCZ-T410	410	0	1.16976327141	0.2262166	0.59918981	0.54904632	0.12334592
Q05513	PRKCZ	PKC zeta	T	560	PRKCZ-T560	560	0	1.09145562482	0.12625348	0.33441311	0.73806784	0.63807157
Q15139	PRKD1	PKD1/PKC mu	S	205	PRKD1-S205	205	1	1.083672711	0.1159291	0.30706649	0.75879276	0.70321046
Q15139	PRKD1	PKD1/PKC mu	Y	463	PRKD1-Y463	463	1	1.01524764201	0.02183168	0.05782652	0.95388682	1.68861607
Q15139	PRKD1	PKD1/PKC mu	S	910	PRKD1-S910	910	1	1.05684281971	0.07976083	0.211266	0.83267972	0.96620523
Q9BZL6	PRKD2	PKD2	S	876	PRKD2-S876	876	1	-1.15079103452	-0.20262589	-0.53670407	0.59147205	0.23151577
P19525	EIF2AK2	PKR	T	446	EIF2AK2-T446	446	1	1.0031561717200002	0.00454622	0.01204178	0.99039228	2.35273709
P19525	EIF2AK2	PKR	T	451	EIF2AK2-T451	451	1	1.1066420519	0.14618865	0.38721629	0.69859609	0.52086233
Q01970	PLCB3	PLC beta3	S	1105	PLCB3-S1105	1105	-1	1.3341137378299999	0.41588167	1.101564	0.27065127	-0.61147286
Q01970	PLCB3	PLC beta3	S	537	PLCB3-S537	537	0	1.00325056401	0.00468197	0.01240133	0.99010542	2.34158976
P19174	PLCG1	PLCG1	Y	771	PLCG1-Y771	771	1	2.4124690489200002	1.27051043	3.36525666	0.00076472	-3.19542958
P19174	PLCG1	PLCG1	Y	783	PLCG1-Y783	783	1	1.08283606567	0.11481484	0.30411511	0.76104019	0.71045207
P16885	PLCG2	PLCG2	Y	1217	PLCG2-Y1217	1217	1	-1.1198571933900001	-0.16331477	-0.43257898	0.66532066	0.42740651
P16885	PLCG2	PLCG2	Y	753	PLCG2-Y753	753	1	1.25091574727	0.32298462	0.85550353	0.39227245	-0.27362115
Q13393	PLD1	PLD1	S	561	PLD1-S561	561	1	1.0175091672399998	0.02504179	0.06632929	0.94711566	1.62189827
P53350	PLK1	PLK1	T	210	PLK1-T210	210	1	-1.0227865012100001	-0.03250503	-0.08609748	0.93138892	1.48979376
P62136	PPP1CA	PP1 alpha	T	320	PPP1CA-T320	320	-1	1.03250382645	0.04614713	0.12223192	0.90271535	1.29978994
P67775	PPP2CA	PP2A-alpha	Y	307	PPP2CA-Y307	307	0	-1.20110748687	-0.26436526	-0.70023586	0.48378002	-0.04069917
Q15648	MED1	PPAR-BP	T	1457	MED1-T1457	1457	1	1.44681682039	0.53288228	1.41146864	0.15810648	-1.0037766
P37231	PPARG	PPAR-gamma	S	112	PPARG-S112	112	-1	-1.23688259881	-0.30670857	-0.81239243	0.41656649	-0.21084991
P06401	PGR	Progesterone Receptor	S	190	PGR-S190	190	0	1.35032514481	0.43330684	1.1477188	0.25108467	-0.67180959
P60484	PTEN	PTEN	S	370	PTEN-S370	370	0	1.05156678339	0.07254048	0.19214114	0.84763165	1.02790849
P60484	PTEN	PTEN	S	380	PTEN-S380	380	0	1.00372956011	0.00537061	0.01422537	0.98865018	2.28905845
P60484	PTEN	PTEN	S	380	PTEN-S380/T382/T383	380/382/383	0	1.13019713619	0.17657444	0.46770045	0.63999882	0.35875858
P60484	PTEN	PTEN	T	382	PTEN-S380/T382/T383(2)	380/382/383	0	1.13019713619	0.17657444	0.46770045	0.63999882	0.35875858
P60484	PTEN	PTEN	T	383	PTEN-S380/T382/T383(3)	380/382/383	0	1.13019713619	0.17657444	0.46770045	0.63999882	0.35875858
Q14289	PTK2B	Pyk2	Y	402	PTK2B-Y402	402	1	1.07351143705	0.10233756	0.27106598	0.78634028	0.79475666
Q14289	PTK2B	Pyk2	Y	580	PTK2B-Y580	580	1	1.09081980725	0.1254128	0.33218639	0.73974852	0.64325049
Q14289	PTK2B	Pyk2	Y	881	PTK2B-Y881	881	0	1.3803146721200001	0.4649972	1.23165845	0.2180767	-0.77964256
P63000	RAC1	Rac1/cdc42	S	71	RAC1-S71	71	-1	-1.0607881417	-0.08513655	-0.22550492	0.8215865	0.92270502
P04049	RAF1	Raf1	S	259	RAF1-S259	259	-1	-1.16154492375	-0.21604495	-0.57224773	0.56715415	0.1692637
P04049	RAF1	Raf1	S	289	RAF1-S289	289	0	-1.00810482471	-0.01164566	-0.03084637	0.97539206	1.97390851
P04049	RAF1	Raf1	S	296	RAF1-S296	296	0	1.02640469477	0.03759967	0.09959191	0.92066832	1.41273989
P04049	RAF1	Raf1	S	338	RAF1-S338	338	1	1.06898494605	0.09624154	0.25491918	0.79878553	0.8383585
P04049	RAF1	Raf1	Y	341	RAF1-Y341	341	0	-1.20370850142	-0.26748606	-0.70850205	0.47863354	-0.05362364
P04049	RAF1	Raf1	S	43	RAF1-S43	43	-1	-1.0000350800700002	-5.061e-05	-0.00013405	0.99989304	3.74314292
P04049	RAF1	Raf1	S	621	RAF1-S621	621	0	-1.49833498205	-0.5833602	-1.54517173	0.12230473	-1.16559618
P06400	RB1	Rb	S	608	RB1-S608	608	0	-1.1196002042	-0.16298366	-0.43170195	0.66595805	0.42915942
P06400	RB1	Rb	S	780	RB1-S780	780	-1	1.20100783875	0.26424557	0.69991881	0.48397801	-0.04020211
P06400	RB1	Rb	S	795	RB1-S795	795	-1	1.11374408866	0.15541777	0.41166187	0.68058728	0.46977064
P06400	RB1	Rb	S	807	RB1-S807	807	0	1.40500403219	0.49057427	1.29940557	0.19380478	-0.86509135
P06400	RB1	Rb	S	811	RB1-S811	811	0	-1.07319620219	-0.10191385	-0.26994369	0.78720357	0.79773192
Q04864	REL	Rel	S	503	REL-S503	503	0	-1.0194348740399999	-0.02776961	-0.07355459	0.94136481	1.57039363
Q01201	RELB	RelB	S	573	RELB-S573	552	-1	1.0897956634700001	0.12405766	0.32859695	0.74246036	0.65164353
P07949	RET	Ret	Y	905	RET-Y905	905	1	-1.6279359720700002	-0.70304396	-1.86218334	0.06257725	-1.53734954
Q92974	ARHGEF2	Rho/Rac guanine nucleotide exchange factor 2	S	886	ARHGEF2-S886	885	-1	-1.2987137612100002	-0.37708349	-0.99879757	0.31789276	-0.47403382
Q15418	RPS6KA1	RSK1/2/3/4	S	221	RPS6KA[1,2,3,6]-S218/S221/S227/S232	221/227/218/232	-1	-1.0398134871200002	-0.05632477	-0.1491899	0.88140379	1.18415831
P51812	RPS6KA3	RSK1/2/3/4	S	227	RPS6KA[1,2,3,6]-S218/S221/S227/S232(2)	221/227/218/232	1	-1.0398134871200002	-0.05632477	-0.1491899	0.88140379	1.18415831
Q15418	RPS6KA1	RSK1/2/3/4	S	218	RPS6KA[1,2,3,6]-S218/S221/S227/S232(3)	221/227/218/232	0	-1.0398134871200002	-0.05632477	-0.1491899	0.88140379	1.18415831
P51812	RPS6KA3	RSK1/2/3/4	S	218	RPS6KA[1,2,3,6]-S218/S221/S227/S232(4)	221/227/218/232	0	-1.0398134871200002	-0.05632477	-0.1491899	0.88140379	1.18415831
Q15349	RPS6KA2	RSK1/2/3/4	S	218	RPS6KA[1,2,3,6]-S218/S221/S227/S232(5)	221/227/218/232	1	-1.0398134871200002	-0.05632477	-0.1491899	0.88140379	1.18415831
Q9UK32	RPS6KA6	RSK1/2/3/4	S	232	RPS6KA[1,2,3,6]-S218/S221/S227/S232(6)	221/227/218/232	1	-1.0398134871200002	-0.05632477	-0.1491899	0.88140379	1.18415831
Q92736	RYR2	RyR2	S	2808	RYR2-S2808	2808	0	-1.07728492644	-0.10739987	-0.28447475	0.77604658	0.75980546
P62753	RPS6	S6 Ribosomal Protein	S	235	RPS6-S235	235	0	1.10046072157	0.13810765	0.36581179	0.71450552	0.56715631
P45983	MAPK8	SAPK/JNK	T	183	MAPK[8,9,10]-T183	183	0	-1.2015799964799998	-0.2649327	-0.70173885	0.48284204	-0.04305418
P45984	MAPK9	SAPK/JNK	T	183	MAPK[8,9,10]-T183(2)	183	1	-1.2015799964799998	-0.2649327	-0.70173885	0.48284204	-0.04305418
P53779	MAPK10	SAPK/JNK	T	183	MAPK[8,9,10]-T183(3)	183	0	-1.2015799964799998	-0.2649327	-0.70173885	0.48284204	-0.04305418
P45983	MAPK8	SAPK/JNK	Y	185	MAPK[8,9,10]-Y185	185	0	1.51957852704	0.60367123	1.59897044	0.10982717	-1.22975515
P45984	MAPK9	SAPK/JNK	Y	185	MAPK[8,9,10]-Y185(2)	185	1	1.51957852704	0.60367123	1.59897044	0.10982717	-1.22975515
P53779	MAPK10	SAPK/JNK	Y	185	MAPK[8,9,10]-Y185(3)	185	0	1.51957852704	0.60367123	1.59897044	0.10982717	-1.22975515
P29353	SHC1	Shc	Y	349	SHC1-Y349	349	1	-1.00135066248	-0.00194728	-0.00515784	0.99588465	2.65833447
P29353	SHC1	Shc	Y	427	SHC1-Y427	427	1	-1.2038292614200001	-0.26763079	-0.7088854	0.4783956	-0.0542214
Q06124	PTPN11	SHP-2	Y	542	PTPN11-Y542	542	1	1.03176797758	0.04511858	0.11950755	0.90487326	1.31249761
Q06124	PTPN11	SHP-2	Y	580	PTPN11-Y580	580	1	1.21838497658	0.28497006	0.75481268	0.45036138	-0.12484323
Q13094	LCP2	SLP-76	Y	128	LCP2-Y128	128	0	1.12216468806	0.16628442	0.44044483	0.65961496	0.41177281
Q15797	SMAD1	Smad1	S	187	SMAD1-S187	187	0	1.0549439731	0.07716638	0.20439398	0.83804564	0.98791639
Q15797	SMAD1	Smad1	S	465	SMAD1-S465	465	1	1.74045443629	0.79946405	2.11757545	0.03421104	-1.82812874
Q15796	SMAD2	Smad2	T	220	SMAD2-T220	220	1	1.9923990391599997	0.99450662	2.63419327	0.00843375	-2.40164282
Q15796	SMAD2	Smad2	S	250	SMAD2-S250	250	1	-1.05540588626	-0.07779793	-0.2060668	0.83673873	0.98258583
Q15796	SMAD2	Smad2	S	467	SMAD2-S467	467	1	-1.10567281104	-0.14492453	-0.38386795	0.70107632	0.52800373
P84022	SMAD3	Smad2/3	T	8	SMAD[2,3]-T8	8	0	-1.10396442855	-0.14269369	-0.37795902	0.70546104	0.54069542
Q15796	SMAD2	Smad2/3	T	8	SMAD[2,3]-T8(2)	8	1	-1.10396442855	-0.14269369	-0.37795902	0.70546104	0.54069542
P84022	SMAD3	Smad3	T	179	SMAD3-T179	179	-1	-1.47739024201	-0.56305095	-1.49137774	0.13586235	-1.10091896
P84022	SMAD3	Smad3	S	204	SMAD3-S204	204	-1	-1.3266972563200001	-0.40783919	-1.08026155	0.28002573	-0.58334991
P84022	SMAD3	Smad3	S	213	SMAD3-S213	213	0	-1.18102050871	-0.24003402	-0.63578862	0.5249142	0.06253827
P84022	SMAD3	Smad3	S	425	SMAD3-S425	425	1	1.56201539283	0.64340867	1.70422474	0.08833911	-1.3539171
Q14683	SMC1A	SMC1	S	957	SMC1A-S957	957	0	-1.0579029139700002	-0.08120723	-0.21509716	0.82969157	0.95431007
P08047	SP1	SP1	T	739	SP1-T739	739	0	1.17109687337	0.22786042	0.60354388	0.54614693	0.11602035
P12931	SRC	Src	Y	419	SRC-Y419	418	1	-1.4208794415600001	-0.50678415	-1.34234139	0.17948533	-0.91859437
P12931	SRC	Src	Y	530	SRC-Y530	529	-1	1.52481280394	0.60863214	1.61211062	0.10693787	-1.24535094
P12931	SRC	Src	S	75	SRC-S75	75	1	-1.01033610907	-0.01483531	-0.03929495	0.96865523	1.86762828
P36956	SREBF1	SREBP-1	S	439	SREBF1-S439	439	1	1.18829974831	0.2488988	0.65926916	0.50972294	0.02439247
P11831	SRF	SRF	S	77	SRF-S77	77	0	-1.33449310009	-0.41629185	-1.10265046	0.27017899	-0.61290239
P11831	SRF	SRF	S	103	SRF-S103	99	0	-1.1751219110299997	-0.23281043	-0.6166552	0.53746218	0.09411323
O75886	STAM2	STAM2	Y	192	STAM2-Y192	192	0	-1.16167350043	-0.21620464	-0.57267071	0.56686767	0.16853471
P42224	STAT1	STAT1	Y	701	STAT1-Y701	701	0	1.2007384035600002	0.26392188	0.69906144	0.48451364	-0.03885743
P42224	STAT1	STAT1	S	727	STAT1-S727	727	1	1.0367162218100001	0.05202104	0.13779041	0.89040606	1.231003
P52630	STAT2	STAT2	Y	690	STAT2-Y690	690	0	1.15719615579	0.21063344	0.55791401	0.5769031	0.19412785
P40763	STAT3	STAT3	Y	705	STAT3-Y705	705	0	-1.1398866793	-0.18889041	-0.5003223	0.61684815	0.29745551
P40763	STAT3	STAT3	S	727	STAT3-S727	727	0	1.1323831126600001	0.17936214	0.47508436	0.63472685	0.34468743
Q14765	STAT4	STAT4	Y	693	STAT4-Y693	693	0	-1.08426599336	-0.11671872	-0.309158	0.75720134	0.69810491
P42229	STAT5A	STAT5A	Y	694	STAT5A-Y694	694	1	-1.2007322960100002	-0.26391454	-0.699042	0.48452578	-0.03882693
P42229	STAT5A	STAT5A	S	780	STAT5A-S780	780	0	-1.16672490361	-0.22246444	-0.5892513	0.55569271	0.14016441
P51692	STAT5B	STAT5B	S	731	STAT5B-S731	731	1	1.27495188096	0.3504428	0.9282332	0.35328662	-0.37678421
P42226	STAT6	STAT6	Y	641	STAT6-Y641	641	0	1.5641637512	0.64539156	1.7094769	0.08736265	-1.36006924
P42226	STAT6	STAT6	T	645	STAT6-T645	645	0	1.11565069307	0.15788539	0.41819796	0.67580239	0.45640526
P16949	STMN1	Stathmin 1	S	16	STMN1-S16	15	-1	-1.12097255134	-0.16475095	-0.43638307	0.66255882	0.41982619
P16949	STMN1	Stathmin 1	S	25	STMN1-S25	24	0	1.23671800206	0.30651657	0.81188388	0.41685827	-0.21010154
P16949	STMN1	Stathmin 1	S	38	STMN1-S38	37	0	1.5572309320700002	0.63898291	1.69250203	0.09055029	-1.34017139
O15392	BIRC5	Survivin	T	117	BIRC5-T117	117	0	1.35153545485	0.43459936	1.15114237	0.24967367	-0.67625409
P43405	SYK	SYK	Y	348	SYK-Y348	348	1	-1.00570032573	-0.00820048	-0.02172097	0.98267053	2.12099101
P43405	SYK	SYK	Y	525	SYK-Y525	525	0	-1.3815845353100003	-0.46632384	-1.23517239	0.21676635	-0.78410759
P17600	SYN1	Synapsin	S	62	SYN1-S62	62	0	1.1439119089899998	0.19397596	0.51379262	0.60739699	0.27276032
P17600	SYN1	Synapsin	S	9	SYN1-S9	9	1	1.1698703583499999	0.22634866	0.59953962	0.5488131	0.12275643
P21579	SYT1	Synaptotagmin	T	202	SYT1-T202	202	0	1.00296708378	0.00427426	0.01132142	0.99096701	2.37597968
P21579	SYT1	Synaptotagmin	S	309	SYT1-S309	309	0	1.29584040972	0.37388805	0.99033367	0.32201105	-0.46250258
P37840	SNCA	Synuclein alpha	Y	125	SNCA-Y125	125	-1	1.33071122376	0.41219753	1.09180565	0.27491853	-0.5986125
P37840	SNCA	Synuclein alpha	Y	133	SNCA-Y133	133	0	-1.1212293502500001	-0.16508142	-0.43725838	0.66192398	0.41808718
P10636	MAPT	Tau	T	181	MAPT-T181	181	0	1.10865874363	0.14881536	0.39417376	0.69345276	0.50613685
P10636	MAPT	Tau	T	205	MAPT-T205	205	0	1.19780987375	0.26039893	0.68973006	0.49036396	-0.02417442
P10636	MAPT	Tau	T	212	MAPT-T212	212	0	1.38768789314	0.47268313	1.25201651	0.21056385	-0.80545934
P10636	MAPT	Tau	S	214	MAPT-S214	214	0	1.3268117630399998	0.40796371	1.08059135	0.27987893	-0.58378669
P10636	MAPT	Tau	T	231	MAPT-T231	231	0	-1.1063919498600001	-0.14586256	-0.38635257	0.69923557	0.52270105
P10636	MAPT	Tau	S	235	MAPT-S235	235	0	1.11660094407	0.15911368	0.42145138	0.67342551	0.44979646
P10636	MAPT	Tau	S	263	MAPT-S263	262	0	1.08219829887	0.11396488	0.30186377	0.76275592	0.71600562
P10636	MAPT	Tau	S	356	MAPT-S356	356	0	-1.0066295502200002	-0.00953285	-0.02525009	0.97985548	2.0587945
P10636	MAPT	Tau	S	396	MAPT-S396	396	0	1.05912846657	0.08287759	0.21952151	0.82624383	0.94075103
P10636	MAPT	Tau	S	404	MAPT-S404	404	0	-1.56410883185	-0.6453409	-1.70934272	0.08738748	-1.35991213
P10636	MAPT	Tau	S	422	MAPT-S422	422	0	1.21184309781	0.27720292	0.73423952	0.46280277	-0.09344567
Q9NYV6	RRN3	TIF-IA	S	649	RRN3-S649	649	1	1.60233092021	0.68017213	1.80160173	0.07160809	-1.46737089
P11388	TOP2A	TOP2A/DNA topoisomerase II	S	1106	TOP2A-S1106	1106	1	1.1168024413200002	0.159374	0.4221409	0.67292218	0.4483995
Q16620	NTRK2	Trk B	Y	516	NTRK2-Y516	515	1	1.06951525128	0.09695706	0.2568144	0.79732205	0.83314932
P49815	TSC2	Tuberin/TSC2	T	1462	TSC2-T1462	1462	-1	-1.15601966597	-0.20916594	-0.55402699	0.57956037	0.20092534
P49815	TSC2	Tuberin/TSC2	S	939	TSC2-S939	939	-1	-1.15162242559	-0.20366779	-0.5394638	0.58956687	0.22660921
P29597	TYK2	TYK2	Y	1054	TYK2-Y1054	1054	1	1.3145117246	0.39452701	1.04500098	0.29602252	-0.53639156
P07101	TH	Tyrosine Hydroxylase	S	19	TH-S19	19	1	-1.06743327074	-0.09414588	-0.24936833	0.80307588	0.85376295
P07101	TH	Tyrosine Hydroxylase	S	31	TH-S31	31	1	1.05049002294	0.07106246	0.18822625	0.85069929	1.04105844
P07101	TH	Tyrosine Hydroxylase	S	40	TH-S40	40	1	1.1520474011700002	0.20420008	0.54087369	0.58859464	0.22410746
P50552	VASP	VASP	S	157	VASP-S157	157	1	1.41529621634	0.50110404	1.32729622	0.18441071	-0.89990074
P50552	VASP	VASP	S	239	VASP-S239	238	0	1.5017123829499999	0.58660853	1.55377571	0.12023793	-1.17589114
P15498	VAV1	VAV1	Y	174	VAV1-Y174	174	0	1.0811710218600001	0.11259475	0.29823465	0.76552408	0.72501273
P52735	VAV2	VAV2	Y	142	VAV2-Y142	142	0	-1.44167250161	-0.52774347	-1.39785726	0.16215594	-0.98709239
P17948	FLT1	VEGFR1	Y	1333	FLT1-Y1333	1333	-1	1.0264597969299998	0.03767712	0.09979705	0.92050545	1.41163249
P35968	KDR	VEGFR2	Y	1054	KDR-Y1054	1054	1	1.1713778207799999	0.22820648	0.60446051	0.54553751	0.11448141
P35968	KDR	VEGFR2	Y	1059	KDR-Y1059	1059	1	1.07600884955	0.10568994	0.27994558	0.77951925	0.77149088
P35968	KDR	VEGFR2	Y	1175	KDR-Y1175	1175	1	-1.0938868681799998	-0.12946354	-0.34291575	0.73166184	0.61848639
P35968	KDR	VEGFR2	Y	1214	KDR-Y1214	1214	1	1.1494325488700001	0.20092181	0.5321904	0.59459413	0.2395685
P35968	KDR	VEGFR2	Y	951	KDR-Y951	951	1	1.16276234144	0.21755625	0.57625078	0.56444569	0.16237515
P18206	VCL	Vinculin	Y	822	VCL-Y822	821	0	-1.0722832275399998	-0.10068602	-0.26669148	0.78970671	0.80639909
P42768	WAS	WASP	Y	291	WAS-Y291	290	1	1.39196604262	0.47712402	1.26377929	0.20630926	-0.82032043
Q92558	WASF1	WAVE1	Y	125	WASF1-Y125	125	0	1.35021330566	0.43318734	1.14740229	0.25121539	-0.67139848
P30291	WEE1	WEE1	S	53	WEE1-S53	53	-1	1.3124068838	0.39221507	1.03887723	0.29886184	-0.52818214
P98170	XIAP	XIAP	S	87	XIAP-S87	87	1	1.3783311152000002	0.46292251	1.22616313	0.22013729	-0.77265231
P43403	ZAP70	Zap-70	Y	292	ZAP70-Y292	292	-1	-1.01901610576	-0.02717685	-0.07198452	0.94261422	1.58123167
