phos	tf	dist
O15530	P21675	0.001953661915680744
O15530	Q02080	0.0003004975010462048
O15530	O95644	0.0003449253652319723
O15530	P42224	0.0
O15530	P25963	0.0
O15530	P19419	0.00022619196353176332
O15530	P36402	0.00037925632839072376
O15530	P16220	0.015629295961320747
O15530	P19838	0.0
O15530	O75030	0.00048201283623376353
O15530	Q12778	0.005230168970834271
O15530	Q9UJU2	0.00027417517540692616
O15530	P15336	0.0
O15530	P11831	9.48140423508176e-05
O15530	Q03060	0.015625240645660347
O15530	P05412	0.0005448205605665875
O15530	Q16650	0.0
P06730	P21675	0.0
P06730	Q02080	0.0
P06730	O95644	0.0
P06730	P42224	0.0
P06730	P25963	0.0
P06730	P19419	0.0
P06730	P36402	0.0
P06730	P16220	0.0
P06730	P19838	0.0
P06730	O75030	0.0
P06730	Q12778	0.0
P06730	Q9UJU2	0.0
P06730	P15336	0.0
P06730	P11831	0.0
P06730	Q03060	0.0
P06730	P05412	0.0
P06730	Q16650	0.0
P23443	P21675	0.004585953877369563
P23443	Q02080	0.0
P23443	O95644	0.0
P23443	P42224	0.0
P23443	P25963	0.0
P23443	P19419	0.0004585953871409099
P23443	P36402	0.0005732442339261373
P23443	P16220	0.03668763102690379
P23443	P19838	0.0
P23443	O75030	0.0001289799451828003
P23443	Q12778	0.0
P23443	Q9UJU2	0.00025795990427335107
P23443	P15336	0.0
P23443	P11831	0.0001433110574881236
P23443	Q03060	0.125
P23443	P05412	0.0004585953871409099
P23443	Q16650	0.0
Q13322	P21675	0.0
Q13322	Q02080	0.0
Q13322	O95644	0.0
Q13322	P42224	0.0
Q13322	P25963	0.0
Q13322	P19419	0.0
Q13322	P36402	0.0
Q13322	P16220	0.0
Q13322	P19838	0.0
Q13322	O75030	0.0
Q13322	Q12778	0.0
Q13322	Q9UJU2	0.0
Q13322	P15336	0.0
Q13322	P11831	0.0
Q13322	Q03060	0.0
Q13322	P05412	0.0
Q13322	Q16650	0.0
O14733	P21675	0.0029481592471042382
O14733	Q02080	3.5132012249510964e-05
O14733	O95644	1.4662833728833202e-08
O14733	P42224	0.0
O14733	P25963	0.0
O14733	P19419	0.031544815987035214
O14733	P36402	0.0003685253160971984
O14733	P16220	0.023585274773915265
O14733	P19838	0.0
O14733	O75030	8.293483829337869e-05
O14733	Q12778	2.0305418257029848e-08
O14733	Q9UJU2	0.0001658406667305718
O14733	P15336	0.03125
O14733	P11831	9.213125672400898e-05
O14733	Q03060	3.045812738554477e-08
O14733	P05412	0.04716983056892437
O14733	Q16650	0.0
P42224	P21675	0.0
P42224	Q02080	0.0
P42224	O95644	0.0
P42224	P42224	0.5
P42224	P25963	0.0
P42224	P19419	0.0
P42224	P36402	0.0
P42224	P16220	0.0
P42224	P19838	0.0
P42224	O75030	0.0
P42224	Q12778	0.0
P42224	Q9UJU2	0.0
P42224	P15336	0.0
P42224	P11831	0.0
P42224	Q03060	0.0
P42224	P05412	0.0
P42224	Q16650	0.0
Q9Y2W7	P21675	0.010482180293401082
Q9Y2W7	Q02080	0.0
Q9Y2W7	O95644	0.0
Q9Y2W7	P42224	0.0
Q9Y2W7	P25963	0.0
Q9Y2W7	P19419	0.0010482180293401083
Q9Y2W7	P36402	0.001310272536277771
Q9Y2W7	P16220	0.08385744234720865
Q9Y2W7	P19838	0.0
Q9Y2W7	O75030	0.0002948113203048706
Q9Y2W7	Q12778	0.0
Q9Y2W7	Q9UJU2	0.0005896226406097412
Q9Y2W7	P15336	0.0
Q9Y2W7	P11831	0.00032756813367207843
Q9Y2W7	Q03060	0.0
Q9Y2W7	P05412	0.0010482180293401083
Q9Y2W7	Q16650	0.0
O75582	P21675	0.031446540880203246
O75582	Q02080	0.0
O75582	O95644	0.0
O75582	P42224	0.0
O75582	P25963	0.0
O75582	P19419	0.0031446540880203247
O75582	P36402	0.003930817608833313
O75582	P16220	0.25157232704162596
O75582	P19838	0.0
O75582	O75030	0.000884433960914612
O75582	Q12778	0.0
O75582	Q9UJU2	0.001768867921829224
O75582	P15336	0.0
O75582	P11831	0.0009827044010162355
O75582	Q03060	0.0
O75582	P05412	0.0031446540880203247
O75582	Q16650	0.0
P17600	P21675	0.0
P17600	Q02080	0.0
P17600	O95644	0.0
P17600	P42224	0.0
P17600	P25963	0.0
P17600	P19419	0.0
P17600	P36402	0.0
P17600	P16220	0.0
P17600	P19838	0.0
P17600	O75030	0.0
P17600	Q12778	0.0
P17600	Q9UJU2	0.0
P17600	P15336	0.0
P17600	P11831	0.0
P17600	Q03060	0.0
P17600	P05412	0.0
P17600	Q16650	0.0
Q13480	P21675	0.0
Q13480	Q02080	0.0
Q13480	O95644	0.0
Q13480	P42224	0.0
Q13480	P25963	0.0
Q13480	P19419	0.0
Q13480	P36402	0.0
Q13480	P16220	0.0
Q13480	P19838	0.0
Q13480	O75030	0.0
Q13480	Q12778	0.0
Q13480	Q9UJU2	0.0
Q13480	P15336	0.0
Q13480	P11831	0.0
Q13480	Q03060	0.0
Q13480	P05412	0.0
Q13480	Q16650	0.0
P02545	P21675	0.0
P02545	Q02080	0.0
P02545	O95644	0.0
P02545	P42224	0.0
P02545	P25963	0.0
P02545	P19419	0.0
P02545	P36402	0.0
P02545	P16220	0.0
P02545	P19838	0.0
P02545	O75030	0.0
P02545	Q12778	0.0
P02545	Q9UJU2	0.0
P02545	P15336	0.0
P02545	P11831	0.0
P02545	Q03060	0.0
P02545	P05412	0.0
P02545	Q16650	0.0
O60674	P21675	0.0
O60674	Q02080	0.0
O60674	O95644	0.0
O60674	P42224	0.25
O60674	P25963	0.0
O60674	P19419	0.0
O60674	P36402	0.0
O60674	P16220	0.0
O60674	P19838	0.0
O60674	O75030	0.0
O60674	Q12778	0.0
O60674	Q9UJU2	0.0
O60674	P15336	0.0
O60674	P11831	0.0
O60674	Q03060	0.0
O60674	P05412	0.0
O60674	Q16650	0.0
P25963	P21675	0.0007861635208129884
P25963	Q02080	0.0
P25963	O95644	0.0
P25963	P42224	0.0
P25963	P25963	0.5
P25963	P19419	0.012578616352081299
P25963	P36402	0.015723270435333253
P25963	P16220	0.006289308166503907
P25963	P19838	0.25
P25963	O75030	0.003537735843658448
P25963	Q12778	0.0
P25963	Q9UJU2	0.007075471687316896
P25963	P15336	0.0
P25963	P11831	0.003930817604064942
P25963	Q03060	0.0
P25963	P05412	0.012578616352081299
P25963	Q16650	0.0
P13639	P21675	0.0
P13639	Q02080	0.0
P13639	O95644	0.0
P13639	P42224	0.0
P13639	P25963	0.0
P13639	P19419	0.0
P13639	P36402	0.0
P13639	P16220	0.0
P13639	P19838	0.0
P13639	O75030	0.0
P13639	Q12778	0.0
P13639	Q9UJU2	0.0
P13639	P15336	0.0
P13639	P11831	0.0
P13639	Q03060	0.0
P13639	P05412	0.0
P13639	Q16650	0.0
P28562	P21675	0.001896999167119896
P28562	Q02080	0.006956434585520851
P28562	O95644	0.004166671669980509
P28562	P42224	0.004166666666666667
P28562	P25963	0.0
P28562	P19419	0.01796747771459793
P28562	P36402	0.0007579600719459343
P28562	P16220	0.01517599365235776
P28562	P19838	0.0
P28562	O75030	0.00017054668100046106
P28562	Q12778	6.9289446995026305e-09
P28562	Q9UJU2	0.00034108348585209857
P28562	P15336	0.014583333333333334
P28562	P11831	0.0001894899898300367
P28562	Q03060	1.0393417049253947e-08
P28562	P05412	0.022481371579237713
P28562	Q16650	0.0
O75030	P21675	0.0
O75030	Q02080	0.0
O75030	O95644	0.0
O75030	P42224	0.0
O75030	P25963	0.0
O75030	P19419	0.0
O75030	P36402	0.0
O75030	P16220	0.0
O75030	P19838	0.0
O75030	O75030	0.5
O75030	Q12778	0.0
O75030	Q9UJU2	0.0
O75030	P15336	0.0
O75030	P11831	0.0
O75030	Q03060	0.0
O75030	P05412	0.0
O75030	Q16650	0.0
P17252	P21675	9.033570735024821e-05
P17252	Q02080	5.628597296562904e-05
P17252	O95644	0.0004436709932281579
P17252	P42224	0.0
P17252	P25963	0.0
P17252	P19419	5.597619178998906e-05
P17252	P36402	0.00019072792830485678
P17252	P16220	0.0007226859020247774
P17252	P19838	0.0
P17252	O75030	0.0005532645128066592
P17252	Q12778	0.00017341513037594122
P17252	Q9UJU2	0.00021918717713247907
P17252	P15336	0.0
P17252	P11831	4.768195826352141e-05
P17252	Q03060	2.0345706221567932e-08
P17252	P05412	0.000462893702664057
P17252	Q16650	0.0
P49840	P21675	0.005421260736943111
P49840	Q02080	1.740828686342813e-06
P49840	O95644	0.027777880985494895
P49840	P42224	0.0
P49840	P25963	0.0
P49840	P19419	0.000542186090278392
P49840	P36402	0.011094372730037546
P49840	P16220	0.043370086025202925
P49840	P19838	0.0
P49840	O75030	0.034440796969187074
P49840	Q12778	1.439725631677498e-07
P49840	Q9UJU2	0.013325832008715921
P49840	P15336	0.0
P49840	P11831	0.002773593174183218
P49840	Q03060	2.1422314143189758e-07
P49840	P05412	0.028320014880999736
P49840	Q16650	0.0
O00418	P21675	0.0
O00418	Q02080	0.0
O00418	O95644	0.0
O00418	P42224	0.0
O00418	P25963	0.0
O00418	P19419	0.0
O00418	P36402	0.0
O00418	P16220	0.0
O00418	P19838	0.0
O00418	O75030	0.0
O00418	Q12778	0.0
O00418	Q9UJU2	0.0
O00418	P15336	0.0
O00418	P11831	0.0
O00418	Q03060	0.0
O00418	P05412	0.0
O00418	Q16650	0.0
P29353	P21675	9.118731035780677e-06
P29353	Q02080	9.891684592506033e-05
P29353	O95644	1.7047418978969742e-09
P29353	P42224	0.0
P29353	P25963	0.0
P29353	P19419	0.00011329876372516564
P29353	P36402	1.9464213931511458e-05
P29353	P16220	7.295098813173157e-05
P29353	P19838	0.0
P29353	O75030	4.380806924874891e-06
P29353	Q12778	2.2865821631684062e-08
P29353	Q9UJU2	8.759206811423491e-06
P29353	P15336	0.0
P29353	P11831	4.8658982471183495e-06
P29353	Q03060	9.934107462565104e-10
P29353	P05412	1.5572610109104215e-05
P29353	Q16650	0.0
Q15139	P21675	1.77900136947305e-05
Q15139	Q02080	0.00019552809963607556
Q15139	O95644	0.013888938947082484
Q15139	P42224	0.0
Q15139	P25963	0.0
Q15139	P19419	0.00022266406091542068
Q15139	P36402	4.7866320278311405e-05
Q15139	P16220	0.00014232152915334158
Q15139	P19838	0.0
Q15139	O75030	1.1056584748873345e-05
Q15139	Q12778	0.013889716102089283
Q15139	Q9UJU2	2.2013924641128015e-05
Q15139	P15336	0.0
Q15139	P11831	1.1966442166448533e-05
Q15139	Q03060	9.243936256662753e-09
Q15139	P05412	3.7868895997227114e-05
Q15139	Q16650	0.0
Q06124	P21675	1.1601482773201486e-05
Q06124	Q02080	3.352808615130958e-06
Q06124	O95644	1.6111732482576827e-09
Q06124	P42224	0.0
Q06124	P25963	0.0
Q06124	P19419	0.00018451823560345932
Q06124	P36402	0.00023892460240755524
Q06124	P16220	9.281202483378304e-05
Q06124	P19838	0.0
Q06124	O75030	5.8720119023184185e-05
Q06124	Q12778	2.865087741068875e-08
Q06124	Q9UJU2	0.0001174371512019369
Q06124	P15336	0.0
Q06124	P11831	5.9731126975868176e-05
Q06124	Q03060	4.455238382710954e-11
Q06124	P05412	0.00018122018935473478
Q06124	Q16650	0.0
O15392	P21675	3.621603978958873e-05
O15392	Q02080	0.02754655358304956
O15392	O95644	1.1513168960815604e-05
O15392	P42224	0.0
O15392	P25963	0.0
O15392	P19419	3.698010933399775e-06
O15392	P36402	8.856893311473988e-06
O15392	P16220	0.00028972838558134615
O15392	P19838	0.0
O15392	O75030	1.5232926045450779e-05
O15392	Q12778	1.594131161800953e-05
O15392	Q9UJU2	7.439543760018967e-06
O15392	P15336	0.0
O15392	P11831	2.214218139117474e-06
O15392	Q03060	2.391196678440614e-05
O15392	P05412	1.51447366513881e-05
O15392	Q16650	0.0
P35372	P21675	0.0
P35372	Q02080	0.0
P35372	O95644	0.0
P35372	P42224	0.0
P35372	P25963	0.0
P35372	P19419	0.0
P35372	P36402	0.0
P35372	P16220	0.0
P35372	P19838	0.0
P35372	O75030	0.0
P35372	Q12778	0.0
P35372	Q9UJU2	0.0
P35372	P15336	0.0
P35372	P11831	0.0
P35372	Q03060	0.0
P35372	P05412	0.0
P35372	Q16650	0.0
P21579	P21675	0.0
P21579	Q02080	0.0
P21579	O95644	0.0
P21579	P42224	0.0
P21579	P25963	0.0
P21579	P19419	0.0
P21579	P36402	0.0
P21579	P16220	0.0
P21579	P19838	0.0
P21579	O75030	0.0
P21579	Q12778	0.0
P21579	Q9UJU2	0.0
P21579	P15336	0.0
P21579	P11831	0.0
P21579	Q03060	0.0
P21579	P05412	0.0
P21579	Q16650	0.0
P55957	P21675	2.6033359406350753e-06
P55957	Q02080	0.0019802567698696525
P55957	O95644	8.276401878531067e-07
P55957	P42224	0.0
P55957	P25963	0.0
P55957	P19419	2.657829651870031e-07
P55957	P36402	6.365563505627397e-07
P55957	P16220	2.0827557988766607e-05
P55957	P19838	0.0
P55957	O75030	1.094817918013495e-06
P55957	Q12778	1.1459698413118927e-06
P55957	Q9UJU2	5.346375683673918e-07
P55957	P15336	0.0
P55957	P11831	1.590897177208536e-07
P55957	Q03060	1.718954761967839e-06
P55957	P05412	1.0886486877693083e-06
P55957	Q16650	0.0
Q12778	P21675	0.0
Q12778	Q02080	0.0
Q12778	O95644	0.0
Q12778	P42224	0.0
Q12778	P25963	0.0
Q12778	P19419	0.0
Q12778	P36402	0.0
Q12778	P16220	0.0
Q12778	P19838	0.0
Q12778	O75030	0.0
Q12778	Q12778	0.5
Q12778	Q9UJU2	0.0
Q12778	P15336	0.0
Q12778	P11831	0.0
Q12778	Q03060	0.0
Q12778	P05412	0.0
Q12778	Q16650	0.0
P52735	P21675	1.1821189712897905e-06
P52735	Q02080	1.2856459489779027e-05
P52735	O95644	2.1094019670009672e-07
P52735	P42224	0.0
P52735	P25963	0.0
P52735	P19419	1.417381503226702e-05
P52735	P36402	2.5184821685801483e-06
P52735	P16220	9.457272364698694e-06
P52735	P19838	0.0
P52735	O75030	8.090939846188291e-07
P52735	Q12778	3.7926471286448027e-06
P52735	Q9UJU2	1.1965280350423437e-06
P52735	P15336	0.0
P52735	P11831	6.295741192381897e-07
P52735	Q03060	5.34808184398569e-10
P52735	P05412	2.1624684494760912e-06
P52735	Q16650	0.0
Q96A00	P21675	0.0
Q96A00	Q02080	0.0
Q96A00	O95644	0.0
Q96A00	P42224	0.0
Q96A00	P25963	0.0
Q96A00	P19419	0.0
Q96A00	P36402	0.0
Q96A00	P16220	0.0
Q96A00	P19838	0.0
Q96A00	O75030	0.0
Q96A00	Q12778	0.0
Q96A00	Q9UJU2	0.0
Q96A00	P15336	0.0
Q96A00	P11831	0.0
Q96A00	Q03060	0.0
Q96A00	P05412	0.0
Q96A00	Q16650	0.0
P07948	P21675	0.0
P07948	Q02080	0.0
P07948	O95644	0.0
P07948	P42224	0.0
P07948	P25963	0.0
P07948	P19419	0.0
P07948	P36402	0.0
P07948	P16220	0.0
P07948	P19838	0.0
P07948	O75030	0.0
P07948	Q12778	0.0
P07948	Q9UJU2	0.0
P07948	P15336	0.0
P07948	P11831	0.0
P07948	Q03060	0.0
P07948	P05412	0.0
P07948	Q16650	0.0
P42574	P21675	0.00019804219871611079
P42574	Q02080	0.025634320373114645
P42574	O95644	6.295809618343568e-05
P42574	P42224	0.0
P42574	P25963	0.0
P42574	P19419	2.022205401837727e-05
P42574	P36402	4.843267834128191e-05
P42574	P16220	0.0015843376522041439
P42574	P19838	0.0
P42574	O75030	8.329914654602364e-05
P42574	Q12778	8.717275124390557e-05
P42574	Q9UJU2	4.068212553738146e-05
P42574	P15336	0.0
P42574	P11831	1.2108164840985185e-05
P42574	Q03060	0.00013075912301020945
P42574	P05412	8.281681382832132e-05
P42574	Q16650	0.0
P42261	P21675	0.0
P42261	Q02080	0.0
P42261	O95644	0.0
P42261	P42224	0.0
P42261	P25963	0.0
P42261	P19419	0.0
P42261	P36402	0.0
P42261	P16220	0.0
P42261	P19838	0.0
P42261	O75030	0.0
P42261	Q12778	0.0
P42261	Q9UJU2	0.0
P42261	P15336	0.0
P42261	P11831	0.0
P42261	Q03060	0.0
P42261	P05412	0.0
P42261	Q16650	0.0
P06213	P21675	3.400805532761058e-06
P06213	Q02080	2.5619254477063764e-06
P06213	O95644	2.7299201168703827e-07
P06213	P42224	0.0
P06213	P25963	0.0
P06213	P19419	5.280981622883466e-05
P06213	P36402	6.674293151282451e-05
P06213	P16220	2.720683378380696e-05
P06213	P19838	0.0
P06213	O75030	1.6708762579320098e-05
P06213	Q12778	4.9117685795004675e-06
P06213	Q9UJU2	3.287186355067358e-05
P06213	P15336	0.0
P06213	P11831	1.6685679067420798e-05
P06213	Q03060	2.630342565734449e-10
P06213	P05412	5.0829739041258764e-05
P06213	Q16650	0.0
P19174	P21675	0.0
P19174	Q02080	0.0
P19174	O95644	0.0
P19174	P42224	0.0
P19174	P25963	0.0
P19174	P19419	0.0
P19174	P36402	0.0
P19174	P16220	0.0
P19174	P19838	0.0
P19174	O75030	0.0
P19174	Q12778	0.0
P19174	Q9UJU2	0.0
P19174	P15336	0.0
P19174	P11831	0.0
P19174	Q03060	0.0
P19174	P05412	0.0
P19174	Q16650	0.0
P53667	P21675	0.0
P53667	Q02080	0.0
P53667	O95644	0.0
P53667	P42224	0.0
P53667	P25963	0.0
P53667	P19419	0.0
P53667	P36402	0.0
P53667	P16220	0.0
P53667	P19838	0.0
P53667	O75030	0.0
P53667	Q12778	0.0
P53667	Q9UJU2	0.0
P53667	P15336	0.0
P53667	P11831	0.0
P53667	Q03060	0.0
P53667	P05412	0.0
P53667	Q16650	0.0
Q9UD71	P21675	0.003243070916096853
Q9UD71	Q02080	3.1343553122731165e-05
Q9UD71	O95644	1.8577683043048485e-06
Q9UD71	P42224	0.0
Q9UD71	P25963	0.0
Q9UD71	P19419	0.0003253874961269146
Q9UD71	P36402	0.00040625659071630375
Q9UD71	P16220	0.025944567867911647
Q9UD71	P19838	0.0
Q9UD71	O75030	9.354396400376915e-05
Q9UD71	Q12778	2.5915221213278744e-06
Q9UD71	Q9UJU2	0.00018337268254315324
Q9UD71	P15336	0.0
Q9UD71	P11831	0.00010156407973606449
Q9UD71	Q03060	3.856040417558472e-06
Q9UD71	P05412	0.00032630575621351985
Q9UD71	Q16650	0.0
P78527	P21675	0.0
P78527	Q02080	0.0
P78527	O95644	0.0
P78527	P42224	0.0
P78527	P25963	0.0
P78527	P19419	0.0
P78527	P36402	0.0
P78527	P16220	0.0
P78527	P19838	0.0
P78527	O75030	0.0
P78527	Q12778	0.0
P78527	Q9UJU2	0.0
P78527	P15336	0.0
P78527	P11831	0.0
P78527	Q03060	0.0
P78527	P05412	0.0
P78527	Q16650	0.0
Q00987	P21675	0.0
Q00987	Q02080	0.0
Q00987	O95644	0.0
Q00987	P42224	0.0
Q00987	P25963	0.0
Q00987	P19419	0.0
Q00987	P36402	0.0
Q00987	P16220	0.0
Q00987	P19838	0.0
Q00987	O75030	0.0
Q00987	Q12778	0.0
Q00987	Q9UJU2	0.0
Q00987	P15336	0.0
Q00987	P11831	0.0
Q00987	Q03060	0.0
Q00987	P05412	0.0
Q00987	Q16650	0.0
P16220	P21675	0.06289308176040649
P16220	Q02080	0.0
P16220	O95644	0.0
P16220	P42224	0.0
P16220	P25963	0.0
P16220	P19419	0.0062893081760406495
P16220	P36402	0.007861635220050811
P16220	P16220	0.5031446540880203
P16220	P19838	0.0
P16220	O75030	0.001768867921829224
P16220	Q12778	0.0
P16220	Q9UJU2	0.003537735848426819
P16220	P15336	0.0
P16220	P11831	0.0019654088044166566
P16220	Q03060	0.0
P16220	P05412	0.0062893081760406495
P16220	Q16650	0.0
P35222	P21675	0.0
P35222	Q02080	0.0
P35222	O95644	0.0
P35222	P42224	0.0
P35222	P25963	0.0
P35222	P19419	0.0
P35222	P36402	0.125
P35222	P16220	0.0
P35222	P19838	0.0
P35222	O75030	0.078125
P35222	Q12778	0.0
P35222	Q9UJU2	0.15625
P35222	P15336	0.0
P35222	P11831	0.03125
P35222	Q03060	0.0
P35222	P05412	0.0
P35222	Q16650	0.0
P10415	P21675	7.940963226656835e-07
P10415	Q02080	0.0006041409602930431
P10415	O95644	2.524802424695819e-07
P10415	P42224	0.0
P10415	P25963	0.0
P10415	P19419	8.104128684585035e-08
P10415	P36402	1.9409826101066956e-07
P10415	P16220	6.353825277235529e-06
P10415	P19838	0.0
P10415	O75030	3.337795536955441e-07
P10415	Q12778	3.4959531058462425e-07
P10415	Q9UJU2	1.6297740865041083e-07
P10415	P15336	0.0
P10415	P11831	4.846568506063004e-08
P10415	Q03060	5.243929658769364e-07
P10415	P05412	3.320667798904707e-07
P10415	Q16650	0.0
Q07812	P21675	2.162033017291571e-06
Q07812	Q02080	0.0016446196084025214
Q07812	O95644	6.873484583978804e-07
Q07812	P42224	0.0
Q07812	P25963	0.0
Q07812	P19419	2.2071648523333994e-07
Q07812	P36402	5.28613814147848e-07
Q07812	P16220	1.7297206655448363e-05
Q07812	P19838	0.0
Q07812	O75030	9.091029541887246e-07
Q07812	Q12778	9.517154727722757e-07
Q07812	Q9UJU2	4.4391607034748304e-07
Q07812	P15336	0.0
Q07812	P11831	1.3205767379515076e-07
Q07812	Q03060	1.4275732091584136e-06
Q07812	P05412	9.041038759933961e-07
Q07812	Q16650	0.0
P19419	P21675	0.0
P19419	Q02080	0.0
P19419	O95644	0.0
P19419	P42224	0.0
P19419	P25963	0.0
P19419	P19419	0.5
P19419	P36402	0.0
P19419	P16220	0.0
P19419	P19838	0.0
P19419	O75030	0.0
P19419	Q12778	0.0
P19419	Q9UJU2	0.0
P19419	P15336	0.0
P19419	P11831	0.0
P19419	Q03060	0.0
P19419	P05412	0.0
P19419	Q16650	0.0
Q15418	P21675	0.010482246362121852
Q15418	Q02080	5.0341662392531225e-05
Q15418	O95644	2.1024066442853956e-08
Q15418	P42224	0.0
Q15418	P25963	0.0
Q15418	P19419	0.0010482247451045635
Q15418	P36402	0.0013102886130360245
Q15418	P16220	0.08385797149034283
Q15418	P19838	0.0
Q15418	O75030	0.0002948389360399853
Q15418	Q12778	2.9111517289344987e-08
Q15418	Q9UJU2	0.0005896360777763248
Q15418	P15336	0.0
Q15418	P11831	0.000327572092107294
Q15418	Q03060	4.366727593401748e-08
Q15418	P05412	0.0010482456514334364
Q15418	Q16650	0.0
Q99704	P21675	6.796360414628695e-05
Q99704	Q02080	0.00038608579036164244
Q99704	O95644	0.0002894655539766217
Q99704	P42224	0.0
Q99704	P25963	0.0
Q99704	P19419	0.00014414118303490253
Q99704	P36402	0.0001394379302480109
Q99704	P16220	0.0005437107365395894
Q99704	P19838	0.0
Q99704	O75030	0.00036425812212011134
Q99704	Q12778	0.00520851128656067
Q99704	Q9UJU2	0.000149586445816075
Q99704	P15336	0.0
Q99704	P11831	3.485927129883267e-05
Q99704	Q03060	2.336067240018919e-07
Q99704	P05412	0.0003141763097073903
Q99704	Q16650	0.0
P19838	P21675	0.0015723270416259769
P19838	Q02080	0.0
P19838	O95644	0.0
P19838	P42224	0.0
P19838	P25963	0.0
P19838	P19419	0.025157232704162598
P19838	P36402	0.031446540880203246
P19838	P16220	0.012578616352081299
P19838	P19838	0.5
P19838	O75030	0.007075471687316896
P19838	Q12778	0.0
P19838	Q9UJU2	0.014150943393707276
P19838	P15336	0.0
P19838	P11831	0.007861635217666627
P19838	Q03060	0.0
P19838	P05412	0.025157232704162598
P19838	Q16650	0.0
P54764	P21675	0.0
P54764	Q02080	0.0
P54764	O95644	0.0
P54764	P42224	0.0
P54764	P25963	0.0
P54764	P19419	0.0
P54764	P36402	0.0
P54764	P16220	0.0
P54764	P19838	0.0
P54764	O75030	0.0
P54764	Q12778	0.0
P54764	Q9UJU2	0.0
P54764	P15336	0.0
P54764	P11831	0.0
P54764	Q03060	0.0
P54764	P05412	0.0
P54764	Q16650	0.0
P29966	P21675	0.0
P29966	Q02080	0.0
P29966	O95644	0.0
P29966	P42224	0.0
P29966	P25963	0.0
P29966	P19419	0.0
P29966	P36402	0.0
P29966	P16220	0.0
P29966	P19838	0.0
P29966	O75030	0.0
P29966	Q12778	0.0
P29966	Q9UJU2	0.0
P29966	P15336	0.0
P29966	P11831	0.0
P29966	Q03060	0.0
P29966	P05412	0.0
P29966	Q16650	0.0
P23528	P21675	0.0
P23528	Q02080	0.0
P23528	O95644	0.0
P23528	P42224	0.0
P23528	P25963	0.0
P23528	P19419	0.0
P23528	P36402	0.0
P23528	P16220	0.0
P23528	P19838	0.0
P23528	O75030	0.0
P23528	Q12778	0.0
P23528	Q9UJU2	0.0
P23528	P15336	0.0
P23528	P11831	0.0
P23528	Q03060	0.0
P23528	P05412	0.0
P23528	Q16650	0.0
P43405	P21675	0.0
P43405	Q02080	0.0
P43405	O95644	0.0
P43405	P42224	0.0
P43405	P25963	0.0
P43405	P19419	0.0
P43405	P36402	0.0
P43405	P16220	0.0
P43405	P19838	0.0
P43405	O75030	0.0
P43405	Q12778	0.0
P43405	Q9UJU2	0.0
P43405	P15336	0.0
P43405	P11831	0.0
P43405	Q03060	0.0
P43405	P05412	0.0
P43405	Q16650	0.0
P55212	P21675	0.0
P55212	Q02080	0.0
P55212	O95644	0.0
P55212	P42224	0.0
P55212	P25963	0.0
P55212	P19419	0.0
P55212	P36402	0.0
P55212	P16220	0.0
P55212	P19838	0.0
P55212	O75030	0.0
P55212	Q12778	0.0
P55212	Q9UJU2	0.0
P55212	P15336	0.0
P55212	P11831	0.0
P55212	Q03060	0.0
P55212	P05412	0.0
P55212	Q16650	0.0
Q13153	P21675	1.702339868837749e-05
Q13153	Q02080	0.00018514481562832856
Q13153	O95644	3.0376713434374943e-06
Q13153	P42224	0.0
Q13153	P25963	0.0
Q13153	P19419	0.00020410347203234411
Q13153	P36402	3.626714157847527e-05
Q13153	P16220	0.00013618779495398644
Q13153	P19838	0.0
Q13153	O75030	1.1653225589597985e-05
Q13153	Q12778	5.4614529176905775e-05
Q13153	Q9UJU2	1.72314170926248e-05
Q13153	P15336	0.0
Q13153	P11831	9.066731243112485e-06
Q13153	Q03060	7.95040365868304e-09
Q13153	P05412	3.114012707240045e-05
Q13153	Q16650	0.0
Q05397	P21675	7.73406031137329e-06
Q05397	Q02080	1.2828789167844493e-05
Q05397	O95644	1.0980718563464894e-09
Q05397	P42224	0.0
Q05397	P25963	0.0
Q05397	P19419	0.00011951518140561755
Q05397	P36402	0.0014356351155275888
Q05397	P16220	6.187297486243812e-05
Q05397	P19838	0.0
Q05397	O75030	0.000843852209466672
Q05397	Q12778	1.873913216607641e-08
Q05397	Q9UJU2	0.0016877026663574368
Q05397	P15336	0.0
Q05397	P11831	0.0003589086984969154
Q05397	Q03060	1.2990637729413267e-10
Q05397	P05412	0.00010684224573892359
Q05397	Q16650	0.0
P17677	P21675	0.0
P17677	Q02080	0.0
P17677	O95644	0.0
P17677	P42224	0.0
P17677	P25963	0.0
P17677	P19419	0.0
P17677	P36402	0.0
P17677	P16220	0.0
P17677	P19838	0.0
P17677	O75030	0.0
P17677	Q12778	0.0
P17677	Q9UJU2	0.0
P17677	P15336	0.0
P17677	P11831	0.0
P17677	Q03060	0.0
P17677	P05412	0.0
P17677	Q16650	0.0
P31749	P21675	0.0004707600144790822
P31749	Q02080	0.0022973785622994983
P31749	O95644	0.0023157109769420727
P31749	P42224	0.0
P31749	P25963	0.0
P31749	P19419	0.00024673964027261113
P31749	P36402	0.0009597903888610042
P31749	P16220	0.003766080719994509
P31749	P19838	0.0
P31749	O75030	0.0028790203018349333
P31749	Q12778	0.04166790759763453
P31749	Q9UJU2	0.0011266188780381739
P31749	P15336	0.0
P31749	P11831	0.0002399475489225084
P31749	Q03060	1.861253216089005e-06
P31749	P05412	0.0023888300366874116
P31749	Q16650	0.0
P06400	P21675	0.0
P06400	Q02080	0.0
P06400	O95644	0.0
P06400	P42224	0.0
P06400	P25963	0.0
P06400	P19419	0.0
P06400	P36402	0.0
P06400	P16220	0.0
P06400	P19838	0.0
P06400	O75030	0.0
P06400	Q12778	0.0
P06400	Q9UJU2	0.0
P06400	P15336	0.0
P06400	P11831	0.0
P06400	Q03060	0.0
P06400	P05412	0.0
P06400	Q16650	0.0
P45983	P21675	0.005896318693478816
P45983	Q02080	7.027069437323937e-05
P45983	O95644	2.935413611207716e-08
P45983	P42224	0.0
P45983	P25963	0.0
P45983	P19419	0.0630896320407444
P45983	P36402	0.0007370508143948961
P45983	P16220	0.04717055015498469
P45983	P19838	0.0
P45983	O75030	0.00016587002086668388
P45983	Q12778	4.06469677919441e-08
P45983	Q9UJU2	0.0003316815989845604
P45983	P15336	0.0625
P45983	P11831	0.0001842626580485992
P45983	Q03060	6.097045168791616e-08
P45983	P05412	0.09433966122759505
P45983	Q16650	0.0
P17612	P21675	0.0009738073027858574
P17612	Q02080	0.0001883780807519642
P17612	O95644	0.006136190406010273
P17612	P42224	0.0
P17612	P25963	0.0
P17612	P19419	0.0012175081547600288
P17612	P36402	0.0013003291353778082
P17612	P16220	0.0077904585940911245
P17612	P19838	0.006097560975609756
P17612	O75030	0.0002980417763495497
P17612	Q12778	0.00011863410454453994
P17612	Q9UJU2	0.0005865754339655375
P17612	P15336	0.0
P17612	P11831	0.0003250822702244329
P17612	Q03060	0.00012713438266707456
P17612	P05412	0.0010435900632838329
P17612	Q16650	0.0
P15336	P21675	0.015723270440101623
P15336	Q02080	0.0
P15336	O95644	0.0
P15336	P42224	0.0
P15336	P25963	0.0
P15336	P19419	0.0015723270416259769
P15336	P36402	0.001965408802032471
P15336	P16220	0.12578616352081298
P15336	P19838	0.0
P15336	O75030	0.000442216968536377
P15336	Q12778	0.0
P15336	Q9UJU2	0.000884433960914612
P15336	P15336	0.5
P15336	P11831	0.0004913522005081177
P15336	Q03060	0.0
P15336	P05412	0.25157232704162596
P15336	Q16650	0.0
P35611	P21675	0.0
P35611	Q02080	0.0
P35611	O95644	0.0
P35611	P42224	0.0
P35611	P25963	0.0
P35611	P19419	0.0
P35611	P36402	0.0
P35611	P16220	0.0
P35611	P19838	0.0
P35611	O75030	0.0
P35611	Q12778	0.0
P35611	Q9UJU2	0.0
P35611	P15336	0.0
P35611	P11831	0.0
P35611	Q03060	0.0
P35611	P05412	0.0
P35611	Q16650	0.0
Q14247	P21675	0.0
Q14247	Q02080	0.0
Q14247	O95644	0.0
Q14247	P42224	0.0
Q14247	P25963	0.0
Q14247	P19419	0.0
Q14247	P36402	0.0
Q14247	P16220	0.0
Q14247	P19838	0.0
Q14247	O75030	0.0
Q14247	Q12778	0.0
Q14247	Q9UJU2	0.0
Q14247	P15336	0.0
Q14247	P11831	0.0
Q14247	Q03060	0.0
Q14247	P05412	0.0
Q14247	Q16650	0.0
P10636	P21675	0.0
P10636	Q02080	0.0
P10636	O95644	0.0
P10636	P42224	0.0
P10636	P25963	0.0
P10636	P19419	0.0
P10636	P36402	0.0
P10636	P16220	0.0
P10636	P19838	0.0
P10636	O75030	0.0
P10636	Q12778	0.0
P10636	Q9UJU2	0.0
P10636	P15336	0.0
P10636	P11831	0.0
P10636	Q03060	0.0
P10636	P05412	0.0
P10636	Q16650	0.0
Q16620	P21675	3.6903924055861008e-06
Q16620	Q02080	1.4284784428593178e-05
Q16620	O95644	2.0495659048875746e-07
Q16620	P42224	0.0
Q16620	P25963	0.0
Q16620	P19419	5.376961536045126e-05
Q16620	P36402	0.001354573481091511
Q16620	P16220	2.95238563736359e-05
Q16620	P19838	0.0
Q16620	O75030	0.0008268810605643794
Q16620	Q12778	3.6866686931493624e-06
Q16620	Q9UJU2	0.001653352839875416
Q16620	P15336	0.0
Q16620	P11831	0.00033864325957578894
Q16620	Q03060	3.2145203571214753e-10
Q16620	P05412	4.0068857382372486e-05
Q16620	Q16650	0.0
P55211	P21675	3.300702892252817e-05
P55211	Q02080	0.02510571991057893
P55211	O95644	1.0493015434060166e-05
P55211	P42224	0.0
P55211	P25963	0.0
P55211	P19419	3.3703410088618122e-06
P55211	P36402	8.072109893990123e-06
P55211	P16220	0.0002640562649548144
P55211	P19838	0.0
P55211	O75030	1.3883184084428906e-05
P55211	Q12778	1.4528791203361097e-05
P55211	Q9UJU2	6.78035012086265e-06
P55211	P15336	0.0
P55211	P11831	2.018025242201214e-06
P55211	Q03060	2.1793186162433494e-05
P55211	P05412	1.3802800449388852e-05
P55211	Q16650	0.0
P45985	P21675	0.0
P45985	Q02080	0.0
P45985	O95644	0.0
P45985	P42224	0.0
P45985	P25963	0.0
P45985	P19419	0.0
P45985	P36402	0.0
P45985	P16220	0.0
P45985	P19838	0.0
P45985	O75030	0.0
P45985	Q12778	0.0
P45985	Q9UJU2	0.0
P45985	P15336	0.0
P45985	P11831	0.0
P45985	Q03060	0.0
P45985	P05412	0.0
P45985	Q16650	0.0
P42345	P21675	0.0011464884678522747
P42345	Q02080	0.0
P42345	O95644	0.0
P42345	P42224	0.0
P42345	P25963	0.0
P42345	P19419	0.00011464884678522747
P42345	P36402	0.0001433110574881236
P42345	P16220	0.009171907754739125
P42345	P19838	0.0
P42345	O75030	3.22449803352356e-05
P42345	Q12778	0.0
P42345	Q9UJU2	6.448997259140016e-05
P42345	P15336	0.0
P42345	P11831	3.5827761888504035e-05
P42345	Q03060	0.03125
P42345	P05412	0.00011464884678522747
P42345	Q16650	0.0
Q14012	P21675	0.015723270440101623
Q14012	Q02080	0.0
Q14012	O95644	0.0
Q14012	P42224	0.0
Q14012	P25963	0.0
Q14012	P19419	0.0015723270440101624
Q14012	P36402	0.0019654088044166566
Q14012	P16220	0.12578616352081298
Q14012	P19838	0.0
Q14012	O75030	0.000442216980457306
Q14012	Q12778	0.0
Q14012	Q9UJU2	0.000884433960914612
Q14012	P15336	0.0
Q14012	P11831	0.0004913522005081177
Q14012	Q03060	0.0
Q14012	P05412	0.0015723270440101624
Q14012	Q16650	0.0
Q14790	P21675	3.344085457552712e-05
Q14790	Q02080	0.004602427767501357
Q14790	O95644	1.0630943790450075e-05
Q14790	P42224	0.0
Q14790	P25963	0.0
Q14790	P19419	3.414622211283219e-06
Q14790	P36402	8.178169705804026e-06
Q14790	P16220	0.00026752737954232784
Q14790	P19838	0.0
Q14790	O75030	1.4065537927126547e-05
Q14790	Q12778	1.471977208429663e-05
Q14790	Q9UJU2	6.869409364249448e-06
Q14790	P15336	0.0
Q14790	P11831	2.0445111294291316e-06
Q14790	Q03060	2.2079657483836794e-05
Q14790	P05412	1.3984215261433785e-05
Q14790	Q16650	0.0
P49407	P21675	4.396181370238656e-06
P49407	Q02080	3.102992166873985e-07
P49407	O95644	5.903267552451535e-10
P49407	P42224	0.0
P49407	P25963	0.0
P49407	P19419	7.02352854778615e-05
P49407	P36402	8.741255538046417e-05
P49407	P16220	3.51694958844383e-05
P49407	P19838	0.0
P49407	O75030	1.9668480557855186e-05
P49407	Q12778	1.0597915761376485e-08
P49407	Q9UJU2	3.9335816096684014e-05
P49407	P15336	0.0
P49407	P11831	2.1853132147794703e-05
P49407	Q03060	3.820022674712581e-12
P49407	P05412	6.99304617583301e-05
P49407	Q16650	0.0
P46108	P21675	9.41422281718676e-06
P46108	Q02080	0.00010212961934657924
P46108	O95644	5.44389456921357e-08
P46108	P42224	0.0
P46108	P25963	0.0
P46108	P19419	0.00011684217943001737
P46108	P36402	2.0093788050749648e-05
P46108	P16220	7.531522607431115e-05
P46108	P19838	0.0
P46108	O75030	4.5829582205616485e-06
P46108	Q12778	9.71027090413322e-07
P46108	Q9UJU2	9.058283705382858e-06
P46108	P15336	0.0
P46108	P11831	5.023258391311721e-06
P46108	Q03060	1.1270820368984735e-09
P46108	P05412	1.6113201682370646e-05
P46108	Q16650	0.0
P63000	P21675	4.255772564114413e-06
P63000	Q02080	4.6284886938570934e-05
P63000	O95644	7.594054236977678e-07
P63000	P42224	0.0
P63000	P25963	0.0
P63000	P19419	5.102583862696351e-05
P63000	P36402	9.066731243112487e-06
P63000	P16220	3.404679737675498e-05
P63000	P19838	0.0
P63000	O75030	2.9131558867739863e-06
P63000	Q12778	1.3653620238151359e-05
P63000	Q9UJU2	4.307777123080245e-06
P63000	P15336	0.0
P63000	P11831	2.2666339517221338e-06
P63000	Q03060	1.970995429816129e-09
P63000	P05412	7.784993495452143e-06
P63000	Q16650	0.0
P11831	P21675	0.0
P11831	Q02080	0.0
P11831	O95644	0.0
P11831	P42224	0.0
P11831	P25963	0.0
P11831	P19419	0.0
P11831	P36402	0.0
P11831	P16220	0.0
P11831	P19838	0.0
P11831	O75030	0.0
P11831	Q12778	0.0
P11831	Q9UJU2	0.0
P11831	P15336	0.0
P11831	P11831	0.5
P11831	Q03060	0.0
P11831	P05412	0.0
P11831	Q16650	0.0
P49137	P21675	0.0
P49137	Q02080	0.0
P49137	O95644	0.0
P49137	P42224	0.0
P49137	P25963	0.0
P49137	P19419	0.0
P49137	P36402	0.0
P49137	P16220	0.0
P49137	P19838	0.0
P49137	O75030	0.0
P49137	Q12778	0.0
P49137	Q9UJU2	0.0
P49137	P15336	0.0
P49137	P11831	0.0
P49137	Q03060	0.0
P49137	P05412	0.0
P49137	Q16650	0.0
Q16539	P21675	0.003930817608833313
Q16539	Q02080	0.025
Q16539	O95644	0.025
Q16539	P42224	0.025
Q16539	P25963	0.0
Q16539	P19419	0.025393081760406496
Q16539	P36402	0.0004913522005081177
Q16539	P16220	0.03144654088020325
Q16539	P19838	0.0
Q16539	O75030	0.00011055423736572266
Q16539	Q12778	0.0
Q16539	Q9UJU2	0.00022110848903656008
Q16539	P15336	0.025
Q16539	P11831	0.00012283804893493654
Q16539	Q03060	0.0
Q16539	P05412	0.0378930817604065
Q16539	Q16650	0.0
Q07817	P21675	7.940963226656837e-07
Q07817	Q02080	0.0006041409602930431
Q07817	O95644	2.52480242469582e-07
Q07817	P42224	0.0
Q07817	P25963	0.0
Q07817	P19419	8.104128684585035e-08
Q07817	P36402	1.9409826101066956e-07
Q07817	P16220	6.353825277235529e-06
Q07817	P19838	0.0
Q07817	O75030	3.337795536955442e-07
Q07817	Q12778	3.495953105846244e-07
Q07817	Q9UJU2	1.6297740865041083e-07
Q07817	P15336	0.0
Q07817	P11831	4.846568506063004e-08
Q07817	Q03060	5.243929658769366e-07
Q07817	P05412	3.320667798904708e-07
Q07817	Q16650	0.0
P06239	P21675	3.260633575072337e-05
P06239	Q02080	0.00036198074086006896
P06239	O95644	4.042053146630751e-08
P06239	P42224	0.0
P06239	P25963	0.0
P06239	P19419	0.0004049087739126917
P06239	P36402	6.957695075963419e-05
P06239	P16220	0.00026085143432904326
P06239	P19838	0.0
P06239	O75030	1.5701084073150857e-05
P06239	Q12778	6.394008825742208e-07
P06239	Q9UJU2	3.1321652724887636e-05
P06239	P15336	0.0
P06239	P11831	1.739418533107736e-05
P06239	Q03060	1.1029169273454747e-08
P06239	P05412	5.5689903897290216e-05
P06239	Q16650	0.0
P21333	P21675	0.0
P21333	Q02080	0.0
P21333	O95644	0.0
P21333	P42224	0.0
P21333	P25963	0.0
P21333	P19419	0.0
P21333	P36402	0.0
P21333	P16220	0.0
P21333	P19838	0.0
P21333	O75030	0.0
P21333	Q12778	0.0
P21333	Q9UJU2	0.0
P21333	P15336	0.0
P21333	P11831	0.0
P21333	Q03060	0.0
P21333	P05412	0.0
P21333	Q16650	0.0
P12931	P21675	5.2754243826657436e-05
P12931	Q02080	3.725260547619431e-06
P12931	O95644	7.087915632159499e-09
P12931	P42224	0.0
P12931	P25963	0.0
P12931	P19419	0.0008428234797497536
P12931	P36402	0.0010489507586710644
P12931	P16220	0.00042203410443547926
P12931	P19838	0.0
P12931	O75030	0.00023602198449573626
P12931	Q12778	1.2717943811062147e-07
P12931	Q9UJU2	0.0004720299295525194
P12931	P15336	0.0
P12931	P11831	0.00026223766614139255
P12931	Q03060	5.093653029414541e-11
P12931	P05412	0.0008391655831755697
P12931	Q16650	0.0
Q92558	P21675	0.0
Q92558	Q02080	0.0
Q92558	O95644	0.0
Q92558	P42224	0.0
Q92558	P25963	0.0
Q92558	P19419	0.0
Q92558	P36402	0.0
Q92558	P16220	0.0
Q92558	P19838	0.0
Q92558	O75030	0.0
Q92558	Q12778	0.0
Q92558	Q9UJU2	0.0
Q92558	P15336	0.0
Q92558	P11831	0.0
Q92558	Q03060	0.0
Q92558	P05412	0.0
Q92558	Q16650	0.0
Q13541	P21675	0.0
Q13541	Q02080	0.0
Q13541	O95644	0.0
Q13541	P42224	0.0
Q13541	P25963	0.0
Q13541	P19419	0.0
Q13541	P36402	0.0
Q13541	P16220	0.0
Q13541	P19838	0.0
Q13541	O75030	0.0
Q13541	Q12778	0.0
Q13541	Q9UJU2	0.0
Q13541	P15336	0.0
Q13541	P11831	0.0
Q13541	Q03060	0.0
Q13541	P05412	0.0
Q13541	Q16650	0.0
P11171	P21675	0.0
P11171	Q02080	0.0
P11171	O95644	0.0
P11171	P42224	0.0
P11171	P25963	0.0
P11171	P19419	0.0
P11171	P36402	0.0
P11171	P16220	0.0
P11171	P19838	0.0
P11171	O75030	0.0
P11171	Q12778	0.0
P11171	Q9UJU2	0.0
P11171	P15336	0.0
P11171	P11831	0.0
P11171	Q03060	0.0
P11171	P05412	0.0
P11171	Q16650	0.0
P25445	P21675	8.360073093055845e-06
P25445	Q02080	0.0011505999108808063
P25445	O95644	2.657724339731134e-06
P25445	P42224	0.0
P25445	P25963	0.0
P25445	P19419	8.535929189992817e-07
P25445	P36402	2.0443738089325648e-06
P25445	P16220	6.688140303906031e-05
P25445	P19838	0.0
P25445	O75030	3.5161348882712797e-06
P25445	Q12778	3.679930043485365e-06
P25445	Q9UJU2	1.717136004618837e-06
P25445	P15336	0.0
P25445	P11831	5.11020111708508e-07
P25445	Q03060	5.519895065228048e-06
P25445	P05412	3.49598225575337e-06
P25445	Q16650	0.0
Q00535	P21675	0.0
Q00535	Q02080	0.0
Q00535	O95644	0.0
Q00535	P42224	0.0
Q00535	P25963	0.0
Q00535	P19419	0.0
Q00535	P36402	0.0
Q00535	P16220	0.0
Q00535	P19838	0.0
Q00535	O75030	0.0
Q00535	Q12778	0.0
Q00535	Q9UJU2	0.0
Q00535	P15336	0.0
Q00535	P11831	0.0
Q00535	Q03060	0.0
Q00535	P05412	0.0
Q00535	Q16650	0.0
P05556	P21675	0.00025116581108108454
P05556	Q02080	9.737274003133771e-05
P05556	O95644	0.0012539004267235108
P05556	P42224	0.0
P05556	P25963	0.0
P05556	P19419	0.00012299227231789083
P05556	P36402	0.0006172275460520928
P05556	P16220	0.0020093273427705246
P05556	P19838	0.0
P05556	O75030	0.0015825665421351912
P05556	Q12778	0.0017361826917399272
P05556	Q9UJU2	0.0006573326175278062
P05556	P15336	0.0
P05556	P11831	0.0001543068060054589
P05556	Q03060	8.647390086423644e-08
P05556	P05412	0.0013681021612532561
P05556	Q16650	0.0
P25098	P21675	0.0
P25098	Q02080	0.0
P25098	O95644	0.0
P25098	P42224	0.0
P25098	P25963	0.0
P25098	P19419	0.0
P25098	P36402	0.0
P25098	P16220	0.0
P25098	P19838	0.0
P25098	O75030	0.0
P25098	Q12778	0.0
P25098	Q9UJU2	0.0
P25098	P15336	0.0
P25098	P11831	0.0
P25098	Q03060	0.0
P25098	P05412	0.0
P25098	Q16650	0.0
Q05193	P21675	0.0
Q05193	Q02080	0.0
Q05193	O95644	0.0
Q05193	P42224	0.0
Q05193	P25963	0.0
Q05193	P19419	0.0
Q05193	P36402	0.0
Q05193	P16220	0.0
Q05193	P19838	0.0
Q05193	O75030	0.0
Q05193	Q12778	0.0
Q05193	Q9UJU2	0.0
Q05193	P15336	0.0
Q05193	P11831	0.0
Q05193	Q03060	0.0
Q05193	P05412	0.0
Q05193	Q16650	0.0
P08069	P21675	3.838138296289141e-06
P08069	Q02080	1.5891171139352646e-05
P08069	O95644	2.3132369238587683e-07
P08069	P42224	0.0
P08069	P25963	0.0
P08069	P19419	5.554132321287713e-05
P08069	P36402	5.280493481779665e-05
P08069	P16220	3.0705975344925686e-05
P08069	P19838	0.0
P08069	O75030	1.3180052878889378e-05
P08069	Q12778	4.160749327540181e-06
P08069	Q9UJU2	2.589821165572912e-05
P08069	P15336	0.0
P08069	P11831	1.3201106314552296e-05
P08069	Q03060	3.8828768103312906e-10
P08069	P05412	4.03391531690057e-05
P08069	Q16650	0.0
P28482	P21675	0.001554858936956191
P28482	Q02080	0.016668344267699944
P28482	O95644	7.000459490360361e-10
P28482	P42224	0.0
P28482	P25963	0.0
P28482	P19419	0.0193221525613847
P28482	P36402	0.0033193576201189044
P28482	P16220	0.01243887156585904
P28482	P19838	0.0
P28482	O75030	0.0007468562535059502
P28482	Q12778	9.698329499743788e-10
P28482	Q9UJU2	0.0014937111302608217
P28482	P15336	0.0
P28482	P11831	0.0008298394009353657
P28482	Q03060	1.4547494249615684e-09
P28482	P05412	0.0026554865908393972
P28482	Q16650	0.0
P04049	P21675	0.00019445645677549267
P04049	Q02080	0.0021590553108393248
P04049	O95644	3.1621132353672444e-08
P04049	P42224	0.0
P04049	P25963	0.0
P04049	P19419	0.0024152791401873667
P04049	P36402	0.0004149438082043847
P04049	P16220	0.001555652619147223
P04049	P19838	0.0
P04049	O75030	9.339842551909784e-05
P04049	Q12778	4.378501350394418e-08
P04049	Q9UJU2	0.00018673402997691936
P04049	P15336	0.0
P04049	P11831	0.0001037358520202131
P04049	Q03060	6.567752025591628e-08
P04049	P05412	0.0003319772513800321
P04049	Q16650	0.0
P00519	P21675	8.643116684197242e-06
P00519	Q02080	4.986482418265511e-05
P00519	O95644	3.620955692813931e-05
P00519	P42224	0.0
P00519	P25963	0.0
P00519	P19419	1.9789252937707684e-05
P00519	P36402	1.774442270903543e-05
P00519	P16220	6.914572311757673e-05
P00519	P19838	0.0
P00519	O75030	4.563310130922521e-05
P00519	Q12778	0.0006515379703577879
P00519	Q9UJU2	1.8847680482852085e-05
P00519	P15336	0.0
P00519	P11831	4.435998595974543e-06
P00519	Q03060	2.9259984885453697e-08
P00519	P05412	3.95422977502972e-05
P00519	Q16650	0.0
P15311	P21675	0.0
P15311	Q02080	0.0
P15311	O95644	0.0
P15311	P42224	0.0
P15311	P25963	0.0
P15311	P19419	0.0
P15311	P36402	0.0
P15311	P16220	0.0
P15311	P19838	0.0
P15311	O75030	0.0
P15311	Q12778	0.0
P15311	Q9UJU2	0.0
P15311	P15336	0.0
P15311	P11831	0.0
P15311	Q03060	0.0
P15311	P05412	0.0
P15311	Q16650	0.0
P05412	P21675	0.031446540880203246
P05412	Q02080	0.0
P05412	O95644	0.0
P05412	P42224	0.0
P05412	P25963	0.0
P05412	P19419	0.0031446540880203247
P05412	P36402	0.003930817608833313
P05412	P16220	0.25157232704162596
P05412	P19838	0.0
P05412	O75030	0.000884433960914612
P05412	Q12778	0.0
P05412	Q9UJU2	0.001768867921829224
P05412	P15336	0.0
P05412	P11831	0.0009827044010162355
P05412	Q03060	0.0
P05412	P05412	0.5031446540880203
P05412	Q16650	0.0
P00533	P21675	1.2513313378013731e-05
P00533	Q02080	1.3243480889381674e-05
P00533	O95644	1.7812386270406905e-09
P00533	P42224	0.0
P00533	P25963	0.0
P00533	P19419	0.00019584803815451954
P00533	P36402	0.00024087096170640257
P00533	P16220	0.00010010700966240757
P00533	P19838	0.0
P00533	O75030	5.915804326042892e-05
P00533	Q12778	3.0924684229898095e-08
P00533	Q9UJU2	0.00011831297163853229
P00533	P15336	0.0
P00533	P11831	6.0217660529380185e-05
P00533	Q03060	1.4389345845276056e-10
P00533	P05412	0.0001827774318358775
P00533	Q16650	0.0
Q16566	P21675	0.010154612158735594
Q16566	Q02080	0.0
Q16566	O95644	0.0
Q16566	P42224	0.0
Q16566	P25963	0.0
Q16566	P19419	0.0010154612155755362
Q16566	P36402	0.0012693265191713972
Q16566	P16220	0.0812368972738584
Q16566	P19838	0.0
Q16566	O75030	0.0002855984628200531
Q16566	Q12778	0.0
Q16566	Q9UJU2	0.0005711969325939815
Q16566	P15336	0.0
Q16566	P11831	0.00031733162899812064
Q16566	Q03060	0.0625
Q16566	P05412	0.0010154612155755362
Q16566	Q16650	0.0
Q92974	P21675	1.0639070741608115e-06
Q92974	Q02080	1.1570813540801128e-05
Q92974	O95644	1.8984617703008703e-07
Q92974	P42224	0.0
Q92974	P25963	0.0
Q92974	P19419	1.275643352904032e-05
Q92974	P36402	2.2666339517221338e-06
Q92974	P16220	8.511545128228826e-06
Q92974	P19838	0.0
Q92974	O75030	7.281845861569462e-07
Q92974	Q12778	3.4133824157803232e-06
Q92974	Q9UJU2	1.0768752315381093e-06
Q92974	P15336	0.0
Q92974	P11831	5.666167073143707e-07
Q92974	Q03060	4.81327365958712e-10
Q92974	P05412	1.946221604528482e-06
Q92974	Q16650	0.0
P04626	P21675	1.5197176746870754e-06
P04626	Q02080	1.6484453790417857e-05
P04626	O95644	2.8344229797167917e-10
P04626	P42224	0.0
P04626	P25963	0.0
P04626	P19419	1.888300425176703e-05
P04626	P36402	3.243932164745566e-06
P04626	P16220	1.2158308047707571e-05
P04626	P19838	0.0
P04626	O75030	7.298737287412345e-07
P04626	Q12778	3.789678032015577e-09
P04626	Q9UJU2	1.459700727658998e-06
P04626	P15336	0.0
P04626	P11831	8.108892558533469e-07
P04626	Q03060	1.6556845770941838e-10
P04626	P05412	2.595404135237887e-06
P04626	Q16650	0.0
P43403	P21675	2.954917814060824e-07
P43403	Q02080	3.2127734215189415e-06
P43403	O95644	5.273420379423873e-08
P43403	P42224	0.0
P43403	P25963	0.0
P43403	P19419	3.543415704851749e-06
P43403	P36402	6.295741192381897e-07
P43403	P16220	2.364237942579581e-06
P43403	P19838	0.0
P43403	O75030	2.021512956867581e-07
P43403	Q12778	9.481612687816381e-07
P43403	Q9UJU2	2.990768939593662e-07
P43403	P15336	0.0
P43403	P11831	1.5736014419337132e-07
P43403	Q03060	1.33671290641963e-10
P43403	P05412	5.405915732664336e-07
P43403	Q16650	0.0
P35568	P21675	2.040512533785522e-05
P35568	Q02080	1.5378739416488617e-05
P35568	O95644	1.6379682453043234e-06
P35568	P42224	0.0
P35568	P25963	0.0
P35568	P19419	0.00031685919305170386
P35568	P36402	0.0004004580371355544
P35568	P16220	0.0001632419947271875
P35568	P19838	0.0
P35568	O75030	0.00010025355889732506
P35568	Q12778	2.947074616278927e-05
P35568	Q9UJU2	0.0001972317246329051
P35568	P15336	0.0
P35568	P11831	0.00010011439726923676
P35568	Q03060	1.6021173093769043e-09
P35568	P05412	0.0003049786780171904
P35568	Q16650	0.0
P56945	P21675	0.0
P56945	Q02080	0.0
P56945	O95644	0.0
P56945	P42224	0.0
P56945	P25963	0.0
P56945	P19419	0.0
P56945	P36402	0.0
P56945	P16220	0.0
P56945	P19838	0.0
P56945	O75030	0.0
P56945	Q12778	0.0
P56945	Q9UJU2	0.0
P56945	P15336	0.0
P56945	P11831	0.0
P56945	Q03060	0.0
P56945	P05412	0.0
P56945	Q16650	0.0
Q14289	P21675	2.266026380219052e-05
Q14289	Q02080	6.3112633141102445e-06
Q14289	O95644	3.1204990740901144e-09
Q14289	P42224	0.0
Q14289	P25963	0.0
Q14289	P19419	0.0003604817042652711
Q14289	P36402	0.0004598834163448304
Q14289	P16220	0.00018128258824689995
Q14289	P19838	0.0
Q14289	O75030	0.00011029754826067754
Q14289	Q12778	5.557436385781447e-08
Q14289	Q9UJU2	0.0002205892286528976
Q14289	P15336	0.0
Q14289	P11831	0.00011497078273861903
Q14289	Q03060	7.715973755351779e-11
Q14289	P05412	0.00035426809092962595
Q14289	Q16650	0.0
P09619	P21675	2.0320150690897886e-06
P09619	Q02080	1.6282512886782035e-06
P09619	O95644	1.78426366732391e-08
P09619	P42224	0.0
P09619	P25963	0.0
P09619	P19419	3.1934142662712186e-05
P09619	P36402	4.00305648428366e-05
P09619	P16220	1.6256621781351526e-05
P09619	P19838	0.0
P09619	O75030	9.853846616376494e-06
P09619	Q12778	3.2082288255672406e-07
P09619	Q9UJU2	1.967244734457365e-05
P09619	P15336	0.0
P09619	P11831	1.0007571712947868e-05
P09619	Q03060	4.7283134473103654e-11
P09619	P05412	3.0383531847884062e-05
P09619	Q16650	0.0
P49023	P21675	0.0
P49023	Q02080	0.0
P49023	O95644	0.0
P49023	P42224	0.0
P49023	P25963	0.0
P49023	P19419	0.0
P49023	P36402	0.0
P49023	P16220	0.0
P49023	P19838	0.0
P49023	O75030	0.0
P49023	Q12778	0.0
P49023	Q9UJU2	0.0
P49023	P15336	0.0
P49023	P11831	0.0
P49023	Q03060	0.0
P49023	P05412	0.0
P49023	Q16650	0.0
P05198	P21675	0.0
P05198	Q02080	0.0
P05198	O95644	0.0
P05198	P42224	0.0
P05198	P25963	0.0
P05198	P19419	0.0
P05198	P36402	0.0
P05198	P16220	0.0
P05198	P19838	0.0
P05198	O75030	0.0
P05198	Q12778	0.0
P05198	Q9UJU2	0.0
P05198	P15336	0.0
P05198	P11831	0.0
P05198	Q03060	0.0
P05198	P05412	0.0
P05198	Q16650	0.0
O43521	P21675	7.388346798162851e-07
O43521	Q02080	0.0005621828074430125
O43521	O95644	2.3492985490722867e-07
O43521	P42224	0.0
O43521	P25963	0.0
O43521	P19419	7.537478665555169e-08
O43521	P36402	1.805233588557808e-07
O43521	P16220	5.9122586799145074e-06
O43521	P19838	0.0
O43521	O75030	3.103963421600885e-07
O43521	Q12778	3.252968038328802e-07
O43521	Q9UJU2	1.5152690350840323e-07
O43521	P15336	0.0
O43521	P11831	4.502726543919814e-08
O43521	Q03060	4.879452057493204e-07
O43521	P05412	3.089535756938044e-07
O43521	Q16650	0.0
P15056	P21675	0.0003887147073886721
P15056	Q02080	0.004167085634501056
P15056	O95644	1.700653787830075e-10
P15056	P42224	0.0
P15056	P25963	0.0
P15056	P19419	0.004830538133081368
P15056	P36402	0.0008298393861340088
P15056	P16220	0.0031097178088919162
P15056	P19838	0.0
P15056	O75030	0.00018671400383285153
P15056	Q12778	2.35475139853395e-10
P15056	Q9UJU2	0.00037342774845408773
P15056	P15336	0.0
P15056	P11831	0.00020745982873477948
P15056	Q03060	3.532127097800925e-10
P15056	P05412	0.0006638716364800794
P15056	Q16650	0.0
Q9UQM7	P21675	0.001967544350216295
Q9UQM7	Q02080	2.2782304982636076e-05
Q9UQM7	O95644	3.690312098982454e-05
Q9UQM7	P42224	0.0
Q9UQM7	P25963	0.0
Q9UQM7	P19419	0.00021836174202240688
Q9UQM7	P36402	0.00026330458027775034
Q9UQM7	P16220	0.01574035516793692
Q9UQM7	P19838	0.0
Q9UQM7	O75030	0.00010168194080914706
Q9UQM7	Q12778	5.1481194559620494e-05
Q9UQM7	Q9UJU2	0.00012955793485973257
Q9UQM7	P15336	0.0
Q9UQM7	P11831	6.58261006210415e-05
Q9UQM7	Q03060	7.659687681369437e-05
Q9UQM7	P05412	0.00023647586702888382
Q9UQM7	Q16650	0.0
Q92934	P21675	3.968573506324466e-07
Q92934	Q02080	0.00030206630477416877
Q92934	O95644	1.2620405157544283e-07
Q92934	P42224	0.0
Q92934	P25963	0.0
Q92934	P19419	4.0469320037773956e-08
Q92934	P36402	9.693137012126011e-08
Q92934	P16220	3.176385290662733e-06
Q92934	P19838	0.0
Q92934	O75030	1.6651555132646944e-07
Q92934	Q12778	1.7475031871849172e-07
Q92934	Q9UJU2	8.129931122596225e-08
Q92934	P15336	0.0
Q92934	P11831	2.411513738025901e-08
Q92934	Q03060	2.621254780777376e-07
Q92934	P05412	1.659512478509997e-07
Q92934	Q16650	0.0
P98170	P21675	3.850819841503977e-05
P98170	Q02080	0.02929000650870825
P98170	O95644	1.2241850994574166e-05
P98170	P42224	0.0
P98170	P25963	0.0
P98170	P19419	3.9320638622235e-06
P98170	P36402	9.417460055457598e-06
P98170	P16220	0.0003080656368515186
P98170	P19838	0.0
P98170	O75030	1.619704432399434e-05
P98170	Q12778	1.695025595563027e-05
P98170	Q9UJU2	7.910406337652232e-06
P98170	P15336	0.0
P98170	P11831	2.3543615424134142e-06
P98170	Q03060	2.542538319197446e-05
P98170	P05412	1.6103266254792948e-05
P98170	Q16650	0.0
P52799	P21675	5.097254366013187e-05
P52799	Q02080	0.0002895597701246124
P52799	O95644	0.00021709915664079525
P52799	P42224	0.0
P52799	P25963	0.0
P52799	P19419	0.00010810568168801487
P52799	P36402	0.00010457823642283812
P52799	P16220	0.0004077825765623686
P52799	P19838	0.0
P52799	O75030	0.00027319311238281933
P52799	Q12778	0.00390638342272713
P52799	Q9UJU2	0.0001121895069797823
P52799	P15336	0.0
P52799	P11831	2.6144272697172053e-05
P52799	Q03060	1.751896604812113e-07
P52799	P05412	0.00023563215878102313
P52799	Q16650	0.0
P16591	P21675	0.0
P16591	Q02080	0.0
P16591	O95644	0.0
P16591	P42224	0.0
P16591	P25963	0.0
P16591	P19419	0.0
P16591	P36402	0.0625
P16591	P16220	0.0
P16591	P19838	0.0
P16591	O75030	0.0390625
P16591	Q12778	0.0
P16591	Q9UJU2	0.078125
P16591	P15336	0.0
P16591	P11831	0.015625
P16591	Q03060	0.0
P16591	P05412	0.0
P16591	Q16650	0.0
